MINISTERE,DESC_MINISTERE,SECTION,DESC_SECTION,ARTICLE,DESC_ARTICLE,MNT_ALLOUE,MNT_AUTORISE,SOLDE
1111,MINISTERE DE LA PLANIFICATION ET DE LA COOPERATION EXTERNE,1111111,BUREAU DU MINISTRE,1,DEPENSES DE PERSONNEL," 26,207,601.20 "," 26,207,539.21 ", 61.99 
1111,MINISTERE DE LA PLANIFICATION ET DE LA COOPERATION EXTERNE,1111111,BUREAU DU MINISTRE,2,DEPENSES DE SERVICES ET CHARGES DIVERSES," 25,547,772.07 "," 25,462,139.62 "," 85,632.45 "
1111,MINISTERE DE LA PLANIFICATION ET DE LA COOPERATION EXTERNE,1111111,BUREAU DU MINISTRE,3,ACHATS DE BIENS DE CONSOMMATION ET PETIT MATERIEL," 7,354,594.91 "," 7,353,995.80 ", 599.11 
1111,MINISTERE DE LA PLANIFICATION ET DE LA COOPERATION EXTERNE,1111111,BUREAU DU MINISTRE,4,IMMOBILISATION CORPORELLE," 2,636,485.40 "," 2,626,672.58 "," 9,812.82 "
1111,MINISTERE DE LA PLANIFICATION ET DE LA COOPERATION EXTERNE,1111111,BUREAU DU MINISTRE,7,"SUBVENTIONS, QUOTES-PARTS ET CONTRIB., ALLOC ,INDEMNISATIONS"," 1,034,035.08 "," 1,034,000.00 ", 35.08 
1111,MINISTERE DE LA PLANIFICATION ET DE LA COOPERATION EXTERNE,1111111,BUREAU DU MINISTRE,9,AUTRES DEPENSES PUBLIQUES," 19,184,996.00 "," 19,111,695.18 "," 73,300.82 "
1111,MINISTERE DE LA PLANIFICATION ET DE LA COOPERATION EXTERNE,1111112,DIRECTION GENERALE DES SERVICES INTERNES,1,DEPENSES DE PERSONNEL," 330,892,226.22 "," 330,376,297.77 "," 515,928.45 "
1111,MINISTERE DE LA PLANIFICATION ET DE LA COOPERATION EXTERNE,1111112,DIRECTION GENERALE DES SERVICES INTERNES,2,DEPENSES DE SERVICES ET CHARGES DIVERSES," 64,683,539.03 "," 64,136,586.26 "," 546,952.77 "
1111,MINISTERE DE LA PLANIFICATION ET DE LA COOPERATION EXTERNE,1111112,DIRECTION GENERALE DES SERVICES INTERNES,3,ACHATS DE BIENS DE CONSOMMATION ET PETIT MATERIEL," 57,328,731.99 "," 57,035,807.37 "," 292,924.62 "
1111,MINISTERE DE LA PLANIFICATION ET DE LA COOPERATION EXTERNE,1111112,DIRECTION GENERALE DES SERVICES INTERNES,4,IMMOBILISATION CORPORELLE," 16,121,149.60 "," 15,559,190.45 "," 561,959.15 "
1111,MINISTERE DE LA PLANIFICATION ET DE LA COOPERATION EXTERNE,1111112,DIRECTION GENERALE DES SERVICES INTERNES,5,IMMOBILISATION INCORPORELLE," 55,850.00 "," 55,843.82 ", 6.18 
1111,MINISTERE DE LA PLANIFICATION ET DE LA COOPERATION EXTERNE,1111112,DIRECTION GENERALE DES SERVICES INTERNES,7,"SUBVENTIONS, QUOTES-PARTS ET CONTRIB., ALLOC ,INDEMNISATIONS"," 165,565,229.30 "," 165,476,135.03 "," 89,094.27 "
1111,MINISTERE DE LA PLANIFICATION ET DE LA COOPERATION EXTERNE,1111112,DIRECTION GENERALE DES SERVICES INTERNES,9,AUTRES DEPENSES PUBLIQUES," 146,000,000.00 "," 145,990,500.00 "," 9,500.00 "
1111,MINISTERE DE LA PLANIFICATION ET DE LA COOPERATION EXTERNE,1111113,CENTRE DE TECHNIQUES DE PLANIFICATION & D'ECONOMIE APPLIQUEE,1,DEPENSES DE PERSONNEL," 40,065,535.70 "," 39,915,664.01 "," 149,871.69 "
1111,MINISTERE DE LA PLANIFICATION ET DE LA COOPERATION EXTERNE,1111113,CENTRE DE TECHNIQUES DE PLANIFICATION & D'ECONOMIE APPLIQUEE,2,DEPENSES DE SERVICES ET CHARGES DIVERSES," 30,028,890.00 "," 30,005,767.99 "," 23,122.01 "
1111,MINISTERE DE LA PLANIFICATION ET DE LA COOPERATION EXTERNE,1111114,CONSEIL NATIONAL DES COOPERATIVES,1,DEPENSES DE PERSONNEL," 17,194,706.20 "," 17,194,686.02 ", 20.18 
1111,MINISTERE DE LA PLANIFICATION ET DE LA COOPERATION EXTERNE,1111114,CONSEIL NATIONAL DES COOPERATIVES,2,DEPENSES DE SERVICES ET CHARGES DIVERSES," 4,885,776.10 "," 4,884,931.01 ", 845.09 
1111,MINISTERE DE LA PLANIFICATION ET DE LA COOPERATION EXTERNE,1111114,CONSEIL NATIONAL DES COOPERATIVES,9,AUTRES DEPENSES PUBLIQUES, -   , -   , -   
1111,MINISTERE DE LA PLANIFICATION ET DE LA COOPERATION EXTERNE,1111115,CENTRE NATIONAL DE L'INFORMATION GEO-SPATIALE,1,DEPENSES DE PERSONNEL," 38,141,991.13 "," 38,141,846.00 ", 145.13 
1111,MINISTERE DE LA PLANIFICATION ET DE LA COOPERATION EXTERNE,1111115,CENTRE NATIONAL DE L'INFORMATION GEO-SPATIALE,2,DEPENSES DE SERVICES ET CHARGES DIVERSES," 25,500,000.00 "," 25,480,160.76 "," 19,839.24 "
1111 Total,,,,,," 1,018,429,109.93 "," 1,016,049,458.88 "," 2,379,651.05 "
1112,MINISTERE DE L'ECONOMIE ET DES FINANCES,1112111,BUREAU DU MINISTRE,1,DEPENSES DE PERSONNEL," 21,319,049.00 "," 21,317,189.38 "," 1,859.62 "
1112,MINISTERE DE L'ECONOMIE ET DES FINANCES,1112111,BUREAU DU MINISTRE,2,DEPENSES DE SERVICES ET CHARGES DIVERSES," 11,814,413.00 "," 11,662,690.58 "," 151,722.42 "
1112,MINISTERE DE L'ECONOMIE ET DES FINANCES,1112111,BUREAU DU MINISTRE,3,ACHATS DE BIENS DE CONSOMMATION ET PETIT MATERIEL," 5,143,222.00 "," 5,143,219.82 ", 2.18 
1112,MINISTERE DE L'ECONOMIE ET DES FINANCES,1112111,BUREAU DU MINISTRE,9,AUTRES DEPENSES PUBLIQUES," 9,260,082.01 "," 9,202,061.22 "," 58,020.79 "
1112,MINISTERE DE L'ECONOMIE ET DES FINANCES,1112112,DIRECTION GENERALE DES SERVICES INTERNES,1,DEPENSES DE PERSONNEL," 460,057,896.17 "," 459,792,494.55 "," 265,401.62 "
1112,MINISTERE DE L'ECONOMIE ET DES FINANCES,1112112,DIRECTION GENERALE DES SERVICES INTERNES,2,DEPENSES DE SERVICES ET CHARGES DIVERSES," 84,670,370.71 "," 83,375,226.43 "," 1,295,144.28 "
1112,MINISTERE DE L'ECONOMIE ET DES FINANCES,1112112,DIRECTION GENERALE DES SERVICES INTERNES,3,ACHATS DE BIENS DE CONSOMMATION ET PETIT MATERIEL," 71,882,118.32 "," 70,702,673.49 "," 1,179,444.83 "
1112,MINISTERE DE L'ECONOMIE ET DES FINANCES,1112112,DIRECTION GENERALE DES SERVICES INTERNES,4,IMMOBILISATION CORPORELLE," 18,888,742.99 "," 18,478,901.83 "," 409,841.16 "
1112,MINISTERE DE L'ECONOMIE ET DES FINANCES,1112112,DIRECTION GENERALE DES SERVICES INTERNES,5,IMMOBILISATION INCORPORELLE, 9.80 , -   , 9.80 
1112,MINISTERE DE L'ECONOMIE ET DES FINANCES,1112112,DIRECTION GENERALE DES SERVICES INTERNES,7,"SUBVENTIONS, QUOTES-PARTS ET CONTRIB., ALLOC ,INDEMNISATIONS"," 538,000.00 "," 239,000.00 "," 299,000.00 "
1112,MINISTERE DE L'ECONOMIE ET DES FINANCES,1112112,DIRECTION GENERALE DES SERVICES INTERNES,9,AUTRES DEPENSES PUBLIQUES," 269,527,306.10 "," 269,526,359.00 ", 947.10 
1112,MINISTERE DE L'ECONOMIE ET DES FINANCES,1112117,BUREAU DU SECRETAIRE D'ETAT AUX FINANCES,1,DEPENSES DE PERSONNEL, -   , -   , -   
1112,MINISTERE DE L'ECONOMIE ET DES FINANCES,1112119,FONDS D'ASSISTANCE ECONOMIQUE ET SOCIAL,1,DEPENSES DE PERSONNEL," 30,000,000.00 "," 29,985,000.00 "," 15,000.00 "
1112,MINISTERE DE L'ECONOMIE ET DES FINANCES,1112119,FONDS D'ASSISTANCE ECONOMIQUE ET SOCIAL,2,DEPENSES DE SERVICES ET CHARGES DIVERSES," 20,086,849.00 "," 20,086,845.43 ", 3.57 
1112,MINISTERE DE L'ECONOMIE ET DES FINANCES,1112121,UNITE DE LUTTE CONTRE LA CORRUPTION,1,DEPENSES DE PERSONNEL," 98,839,211.94 "," 98,838,276.08 ", 935.86 
1112,MINISTERE DE L'ECONOMIE ET DES FINANCES,1112121,UNITE DE LUTTE CONTRE LA CORRUPTION,2,DEPENSES DE SERVICES ET CHARGES DIVERSES," 45,030,920.00 "," 45,030,829.24 ", 90.76 
1112,MINISTERE DE L'ECONOMIE ET DES FINANCES,1112122,ECOLE NATIONALE D'ADMINISTRATION FINANCIERE,1,DEPENSES DE PERSONNEL," 32,516,004.00 "," 32,502,363.75 "," 13,640.25 "
1112,MINISTERE DE L'ECONOMIE ET DES FINANCES,1112122,ECOLE NATIONALE D'ADMINISTRATION FINANCIERE,2,DEPENSES DE SERVICES ET CHARGES DIVERSES," 29,196,214.00 "," 29,196,204.30 ", 9.70 
1112,MINISTERE DE L'ECONOMIE ET DES FINANCES,1112122,ECOLE NATIONALE D'ADMINISTRATION FINANCIERE,9,AUTRES DEPENSES PUBLIQUES," 5,186,630.00 "," 5,186,629.94 ", 0.06 
1112,MINISTERE DE L'ECONOMIE ET DES FINANCES,1112213,INSTITUT HAITIEN DE STATISTIQUE ET D'INFORMATIQUE,1,DEPENSES DE PERSONNEL," 86,649,942.17 "," 83,529,081.55 "," 3,120,860.62 "
1112,MINISTERE DE L'ECONOMIE ET DES FINANCES,1112213,INSTITUT HAITIEN DE STATISTIQUE ET D'INFORMATIQUE,2,DEPENSES DE SERVICES ET CHARGES DIVERSES," 2,923,368.90 "," 2,674,708.89 "," 248,660.01 "
1112,MINISTERE DE L'ECONOMIE ET DES FINANCES,1112213,INSTITUT HAITIEN DE STATISTIQUE ET D'INFORMATIQUE,3,ACHATS DE BIENS DE CONSOMMATION ET PETIT MATERIEL," 4,305,374.80 "," 4,274,169.56 "," 31,205.24 "
1112,MINISTERE DE L'ECONOMIE ET DES FINANCES,1112213,INSTITUT HAITIEN DE STATISTIQUE ET D'INFORMATIQUE,4,IMMOBILISATION CORPORELLE," 3,614,976.00 "," 3,435,370.46 "," 179,605.54 "
1112,MINISTERE DE L'ECONOMIE ET DES FINANCES,1112213,INSTITUT HAITIEN DE STATISTIQUE ET D'INFORMATIQUE,5,IMMOBILISATION INCORPORELLE," 1,860,744.00 "," 1,751,052.15 "," 109,691.85 "
1112,MINISTERE DE L'ECONOMIE ET DES FINANCES,1112213,INSTITUT HAITIEN DE STATISTIQUE ET D'INFORMATIQUE,7,"SUBVENTIONS, QUOTES-PARTS ET CONTRIB., ALLOC ,INDEMNISATIONS"," 309,996.00 ", -   ," 309,996.00 "
1112,MINISTERE DE L'ECONOMIE ET DES FINANCES,1112213,INSTITUT HAITIEN DE STATISTIQUE ET D'INFORMATIQUE,9,AUTRES DEPENSES PUBLIQUES," 3,871,248.00 "," 3,861,947.11 "," 9,300.89 "
1112,MINISTERE DE L'ECONOMIE ET DES FINANCES,1112214,DIRECTION GENERALE DU BUDGET,1,DEPENSES DE PERSONNEL," 103,228,357.87 "," 103,228,224.28 ", 133.59 
1112,MINISTERE DE L'ECONOMIE ET DES FINANCES,1112214,DIRECTION GENERALE DU BUDGET,2,DEPENSES DE SERVICES ET CHARGES DIVERSES," 23,885,279.30 "," 23,832,360.95 "," 52,918.35 "
1112,MINISTERE DE L'ECONOMIE ET DES FINANCES,1112214,DIRECTION GENERALE DU BUDGET,3,ACHATS DE BIENS DE CONSOMMATION ET PETIT MATERIEL," 12,478,921.10 "," 12,462,726.75 "," 16,194.35 "
1112,MINISTERE DE L'ECONOMIE ET DES FINANCES,1112214,DIRECTION GENERALE DU BUDGET,4,IMMOBILISATION CORPORELLE," 2,998,878.50 "," 2,995,942.84 "," 2,935.66 "
1112,MINISTERE DE L'ECONOMIE ET DES FINANCES,1112214,DIRECTION GENERALE DU BUDGET,5,IMMOBILISATION INCORPORELLE," 38,760.00 "," 37,962.00 ", 798.00 
1112,MINISTERE DE L'ECONOMIE ET DES FINANCES,1112214,DIRECTION GENERALE DU BUDGET,7,"SUBVENTIONS, QUOTES-PARTS ET CONTRIB., ALLOC ,INDEMNISATIONS"," 659,988.00 "," 650,000.00 "," 9,988.00 "
1112,MINISTERE DE L'ECONOMIE ET DES FINANCES,1112214,DIRECTION GENERALE DU BUDGET,9,AUTRES DEPENSES PUBLIQUES," 34,389,239.40 "," 34,373,952.30 "," 15,287.10 "
1112,MINISTERE DE L'ECONOMIE ET DES FINANCES,1112215,DIRECTION GENERALE DES IMPOTS,1,DEPENSES DE PERSONNEL," 793,010,922.10 "," 752,537,019.28 "," 40,473,902.82 "
1112,MINISTERE DE L'ECONOMIE ET DES FINANCES,1112215,DIRECTION GENERALE DES IMPOTS,2,DEPENSES DE SERVICES ET CHARGES DIVERSES," 315,657,876.32 "," 315,652,484.79 "," 5,391.53 "
1112,MINISTERE DE L'ECONOMIE ET DES FINANCES,1112215,DIRECTION GENERALE DES IMPOTS,3,ACHATS DE BIENS DE CONSOMMATION ET PETIT MATERIEL," 145,893,459.11 "," 145,893,282.59 ", 176.52 
1112,MINISTERE DE L'ECONOMIE ET DES FINANCES,1112215,DIRECTION GENERALE DES IMPOTS,4,IMMOBILISATION CORPORELLE," 32,419,181.81 "," 32,418,653.70 ", 528.11 
1112,MINISTERE DE L'ECONOMIE ET DES FINANCES,1112215,DIRECTION GENERALE DES IMPOTS,5,IMMOBILISATION INCORPORELLE, -   , -   , -   
1112,MINISTERE DE L'ECONOMIE ET DES FINANCES,1112215,DIRECTION GENERALE DES IMPOTS,7,"SUBVENTIONS, QUOTES-PARTS ET CONTRIB., ALLOC ,INDEMNISATIONS"," 399,999.90 "," 364,114.30 "," 35,885.60 "
1112,MINISTERE DE L'ECONOMIE ET DES FINANCES,1112215,DIRECTION GENERALE DES IMPOTS,9,AUTRES DEPENSES PUBLIQUES," 55,517,000.97 "," 55,488,803.14 "," 28,197.83 "
1112,MINISTERE DE L'ECONOMIE ET DES FINANCES,1112216,ADMINISTRATION GENERALE DES DOUANES,1,DEPENSES DE PERSONNEL," 929,093,448.91 "," 926,627,088.72 "," 2,466,360.19 "
1112,MINISTERE DE L'ECONOMIE ET DES FINANCES,1112216,ADMINISTRATION GENERALE DES DOUANES,2,DEPENSES DE SERVICES ET CHARGES DIVERSES," 606,022,639.94 "," 605,891,685.98 "," 130,953.96 "
1112,MINISTERE DE L'ECONOMIE ET DES FINANCES,1112216,ADMINISTRATION GENERALE DES DOUANES,3,ACHATS DE BIENS DE CONSOMMATION ET PETIT MATERIEL," 139,366,107.97 "," 139,338,069.05 "," 28,038.92 "
1112,MINISTERE DE L'ECONOMIE ET DES FINANCES,1112216,ADMINISTRATION GENERALE DES DOUANES,4,IMMOBILISATION CORPORELLE," 75,658,991.97 "," 67,062,454.90 "," 8,596,537.07 "
1112,MINISTERE DE L'ECONOMIE ET DES FINANCES,1112216,ADMINISTRATION GENERALE DES DOUANES,5,IMMOBILISATION INCORPORELLE, 6.60 , -   , 6.60 
1112,MINISTERE DE L'ECONOMIE ET DES FINANCES,1112216,ADMINISTRATION GENERALE DES DOUANES,7,"SUBVENTIONS, QUOTES-PARTS ET CONTRIB., ALLOC ,INDEMNISATIONS"," 511,345.90 "," 2,703,520.57 "," (2,192,174.67)"
1112,MINISTERE DE L'ECONOMIE ET DES FINANCES,1112216,ADMINISTRATION GENERALE DES DOUANES,9,AUTRES DEPENSES PUBLIQUES," 117,164,396.00 "," 115,210,715.48 "," 1,953,680.52 "
1112,MINISTERE DE L'ECONOMIE ET DES FINANCES,1112225,INSPECTION GENERALE DES FINANCES,1,DEPENSES DE PERSONNEL," 45,700,748.10 "," 45,684,288.77 "," 16,459.33 "
1112,MINISTERE DE L'ECONOMIE ET DES FINANCES,1112225,INSPECTION GENERALE DES FINANCES,2,DEPENSES DE SERVICES ET CHARGES DIVERSES," 19,099,055.45 "," 19,098,747.97 ", 307.48 
1112,MINISTERE DE L'ECONOMIE ET DES FINANCES,1112225,INSPECTION GENERALE DES FINANCES,3,ACHATS DE BIENS DE CONSOMMATION ET PETIT MATERIEL," 10,733,570.88 "," 10,703,387.15 "," 30,183.73 "
1112,MINISTERE DE L'ECONOMIE ET DES FINANCES,1112225,INSPECTION GENERALE DES FINANCES,4,IMMOBILISATION CORPORELLE," 4,059,617.80 "," 4,054,065.25 "," 5,552.55 "
1112,MINISTERE DE L'ECONOMIE ET DES FINANCES,1112225,INSPECTION GENERALE DES FINANCES,7,"SUBVENTIONS, QUOTES-PARTS ET CONTRIB., ALLOC ,INDEMNISATIONS", -   , -   , -   
1112,MINISTERE DE L'ECONOMIE ET DES FINANCES,1112225,INSPECTION GENERALE DES FINANCES,9,AUTRES DEPENSES PUBLIQUES," 14,948,009.64 "," 14,947,996.64 ", 13.00 
1112 Total,,,,,," 4,800,428,492.45 "," 4,741,049,842.16 "," 59,378,650.29 "
1113,"MINIS. DE L'AGRICULTURE, RESSOURCES NATURELLES/DEVELOP/RURAL",1113111,BUREAU DU MINISTRE,1,DEPENSES DE PERSONNEL," 67,844,794.58 "," 67,841,463.58 "," 3,331.00 "
1113,"MINIS. DE L'AGRICULTURE, RESSOURCES NATURELLES/DEVELOP/RURAL",1113111,BUREAU DU MINISTRE,2,DEPENSES DE SERVICES ET CHARGES DIVERSES," 420,271.00 "," 420,270.00 ", 1.00 
1113,"MINIS. DE L'AGRICULTURE, RESSOURCES NATURELLES/DEVELOP/RURAL",1113111,BUREAU DU MINISTRE,3,ACHATS DE BIENS DE CONSOMMATION ET PETIT MATERIEL," 849,361.20 "," 833,086.60 "," 16,274.60 "
1113,"MINIS. DE L'AGRICULTURE, RESSOURCES NATURELLES/DEVELOP/RURAL",1113111,BUREAU DU MINISTRE,4,IMMOBILISATION CORPORELLE," 39,554,140.00 "," 39,552,706.60 "," 1,433.40 "
1113,"MINIS. DE L'AGRICULTURE, RESSOURCES NATURELLES/DEVELOP/RURAL",1113111,BUREAU DU MINISTRE,7,"SUBVENTIONS, QUOTES-PARTS ET CONTRIB., ALLOC ,INDEMNISATIONS"," 5,806,580.00 "," 5,806,371.00 ", 209.00 
1113,"MINIS. DE L'AGRICULTURE, RESSOURCES NATURELLES/DEVELOP/RURAL",1113111,BUREAU DU MINISTRE,9,AUTRES DEPENSES PUBLIQUES," 35,921,906.99 "," 35,921,905.68 ", 1.31 
1113,"MINIS. DE L'AGRICULTURE, RESSOURCES NATURELLES/DEVELOP/RURAL",1113112,DIRECTION GENERALE DES SERVICES INTERNES,1,DEPENSES DE PERSONNEL," 638,676,056.06 "," 638,665,740.80 "," 10,315.26 "
1113,"MINIS. DE L'AGRICULTURE, RESSOURCES NATURELLES/DEVELOP/RURAL",1113112,DIRECTION GENERALE DES SERVICES INTERNES,2,DEPENSES DE SERVICES ET CHARGES DIVERSES," 60,192,126.02 "," 60,154,748.60 "," 37,377.42 "
1113,"MINIS. DE L'AGRICULTURE, RESSOURCES NATURELLES/DEVELOP/RURAL",1113112,DIRECTION GENERALE DES SERVICES INTERNES,3,ACHATS DE BIENS DE CONSOMMATION ET PETIT MATERIEL," 77,444,989.98 "," 77,373,611.99 "," 71,377.99 "
1113,"MINIS. DE L'AGRICULTURE, RESSOURCES NATURELLES/DEVELOP/RURAL",1113112,DIRECTION GENERALE DES SERVICES INTERNES,4,IMMOBILISATION CORPORELLE," 9,833,044.00 "," 9,778,619.13 "," 54,424.87 "
1113,"MINIS. DE L'AGRICULTURE, RESSOURCES NATURELLES/DEVELOP/RURAL",1113112,DIRECTION GENERALE DES SERVICES INTERNES,7,"SUBVENTIONS, QUOTES-PARTS ET CONTRIB., ALLOC ,INDEMNISATIONS"," 2,500,000.00 "," 2,500,000.00 ", -   
1113,"MINIS. DE L'AGRICULTURE, RESSOURCES NATURELLES/DEVELOP/RURAL",1113112,DIRECTION GENERALE DES SERVICES INTERNES,9,AUTRES DEPENSES PUBLIQUES," 37,815,126.01 "," 37,815,124.97 ", 1.04 
1113,"MINIS. DE L'AGRICULTURE, RESSOURCES NATURELLES/DEVELOP/RURAL",1113113,ORGANISME DE DEV. DE LA VALLE DE L'ARTIBONITE,1,DEPENSES DE PERSONNEL," 95,428,314.00 "," 95,428,273.20 ", 40.80 
1113,"MINIS. DE L'AGRICULTURE, RESSOURCES NATURELLES/DEVELOP/RURAL",1113113,ORGANISME DE DEV. DE LA VALLE DE L'ARTIBONITE,2,DEPENSES DE SERVICES ET CHARGES DIVERSES," 11,164,094.00 "," 11,164,092.59 ", 1.41 
1113,"MINIS. DE L'AGRICULTURE, RESSOURCES NATURELLES/DEVELOP/RURAL",1113113,ORGANISME DE DEV. DE LA VALLE DE L'ARTIBONITE,9,AUTRES DEPENSES PUBLIQUES, -   , -   , -   
1113,"MINIS. DE L'AGRICULTURE, RESSOURCES NATURELLES/DEVELOP/RURAL",1113114,INSTITUT NATIONAL DE REFORME AGRAIRE,1,DEPENSES DE PERSONNEL," 52,596,211.87 "," 52,542,520.00 "," 53,691.87 "
1113,"MINIS. DE L'AGRICULTURE, RESSOURCES NATURELLES/DEVELOP/RURAL",1113114,INSTITUT NATIONAL DE REFORME AGRAIRE,2,DEPENSES DE SERVICES ET CHARGES DIVERSES," 17,180,611.00 "," 17,180,606.16 ", 4.84 
1113,"MINIS. DE L'AGRICULTURE, RESSOURCES NATURELLES/DEVELOP/RURAL",1113116,ORGANISME DE DEVELOPPEMENT DU NORD,1,DEPENSES DE PERSONNEL," 7,176,594.00 "," 7,176,600.00 ", (6.00)
1113,"MINIS. DE L'AGRICULTURE, RESSOURCES NATURELLES/DEVELOP/RURAL",1113116,ORGANISME DE DEVELOPPEMENT DU NORD,2,DEPENSES DE SERVICES ET CHARGES DIVERSES," 2,485,535.99 "," 2,485,534.55 ", 1.44 
1113,"MINIS. DE L'AGRICULTURE, RESSOURCES NATURELLES/DEVELOP/RURAL",1113117,INSTITUT NATIONAL DU CAFE D'HAITI,1,DEPENSES DE PERSONNEL," 8,686,361.00 "," 8,686,356.67 ", 4.33 
1113,"MINIS. DE L'AGRICULTURE, RESSOURCES NATURELLES/DEVELOP/RURAL",1113117,INSTITUT NATIONAL DU CAFE D'HAITI,2,DEPENSES DE SERVICES ET CHARGES DIVERSES," 8,113,427.01 "," 8,113,425.84 ", 1.17 
1113 Total,,,,,," 1,179,689,544.71 "," 1,179,441,057.96 "," 248,486.75 "
1114,"MINISTERE DES TRAVAUX PUBLICS, TRANSPORTS ET COMMUNICATIONS",1114111,BUREAU DU MINISTRE,1,DEPENSES DE PERSONNEL," 39,376,056.00 "," 39,324,485.81 "," 51,570.19 "
1114,"MINISTERE DES TRAVAUX PUBLICS, TRANSPORTS ET COMMUNICATIONS",1114111,BUREAU DU MINISTRE,2,DEPENSES DE SERVICES ET CHARGES DIVERSES," 6,286,398.03 "," 6,096,722.30 "," 189,675.73 "
1114,"MINISTERE DES TRAVAUX PUBLICS, TRANSPORTS ET COMMUNICATIONS",1114111,BUREAU DU MINISTRE,3,ACHATS DE BIENS DE CONSOMMATION ET PETIT MATERIEL," 3,348,324.00 "," 3,327,033.77 "," 21,290.23 "
1114,"MINISTERE DES TRAVAUX PUBLICS, TRANSPORTS ET COMMUNICATIONS",1114111,BUREAU DU MINISTRE,4,IMMOBILISATION CORPORELLE," 7,883,990.00 "," 7,877,640.08 "," 6,349.92 "
1114,"MINISTERE DES TRAVAUX PUBLICS, TRANSPORTS ET COMMUNICATIONS",1114111,BUREAU DU MINISTRE,7,"SUBVENTIONS, QUOTES-PARTS ET CONTRIB., ALLOC ,INDEMNISATIONS"," 700,475.70 ", -   ," 700,475.70 "
1114,"MINISTERE DES TRAVAUX PUBLICS, TRANSPORTS ET COMMUNICATIONS",1114111,BUREAU DU MINISTRE,9,AUTRES DEPENSES PUBLIQUES," 222,860.00 "," 222,860.00 ", -   
1114,"MINISTERE DES TRAVAUX PUBLICS, TRANSPORTS ET COMMUNICATIONS",1114112,DIRECTION GENERALE DES SERVICES INTERNES,1,DEPENSES DE PERSONNEL," 383,938,796.25 "," 378,915,683.01 "," 5,023,113.24 "
1114,"MINISTERE DES TRAVAUX PUBLICS, TRANSPORTS ET COMMUNICATIONS",1114112,DIRECTION GENERALE DES SERVICES INTERNES,2,DEPENSES DE SERVICES ET CHARGES DIVERSES," 62,290,813.47 "," 58,140,075.04 "," 4,150,738.43 "
1114,"MINISTERE DES TRAVAUX PUBLICS, TRANSPORTS ET COMMUNICATIONS",1114112,DIRECTION GENERALE DES SERVICES INTERNES,3,ACHATS DE BIENS DE CONSOMMATION ET PETIT MATERIEL," 77,866,135.77 "," 76,253,551.38 "," 1,612,584.39 "
1114,"MINISTERE DES TRAVAUX PUBLICS, TRANSPORTS ET COMMUNICATIONS",1114112,DIRECTION GENERALE DES SERVICES INTERNES,4,IMMOBILISATION CORPORELLE," 2,450,002.94 "," 2,191,437.95 "," 258,564.99 "
1114,"MINISTERE DES TRAVAUX PUBLICS, TRANSPORTS ET COMMUNICATIONS",1114112,DIRECTION GENERALE DES SERVICES INTERNES,9,AUTRES DEPENSES PUBLIQUES," 1,508,266.46 "," 1,508,266.46 ", -   
1114,"MINISTERE DES TRAVAUX PUBLICS, TRANSPORTS ET COMMUNICATIONS",1114115,LABORATOIRE NATIONAL DU BATIMENT ET DES TRAVAUX PUBLICS,1,DEPENSES DE PERSONNEL," 24,567,140.05 "," 24,293,641.63 "," 273,498.42 "
1114,"MINISTERE DES TRAVAUX PUBLICS, TRANSPORTS ET COMMUNICATIONS",1114115,LABORATOIRE NATIONAL DU BATIMENT ET DES TRAVAUX PUBLICS,2,DEPENSES DE SERVICES ET CHARGES DIVERSES," 3,361,152.00 "," 3,361,145.00 ", 7.00 
1114,"MINISTERE DES TRAVAUX PUBLICS, TRANSPORTS ET COMMUNICATIONS",1114116,OFFICE NATIONAL DU CADASTRE,1,DEPENSES DE PERSONNEL," 46,850,577.13 "," 45,643,205.75 "," 1,207,371.38 "
1114,"MINISTERE DES TRAVAUX PUBLICS, TRANSPORTS ET COMMUNICATIONS",1114116,OFFICE NATIONAL DU CADASTRE,2,DEPENSES DE SERVICES ET CHARGES DIVERSES," 11,149,384.00 "," 11,129,620.74 "," 19,763.26 "
1114,"MINISTERE DES TRAVAUX PUBLICS, TRANSPORTS ET COMMUNICATIONS",1114117,SERVICE MARITIME ET DE NAVIGATION,1,DEPENSES DE PERSONNEL," 19,217,388.00 "," 19,022,093.32 "," 195,294.68 "
1114,"MINISTERE DES TRAVAUX PUBLICS, TRANSPORTS ET COMMUNICATIONS",1114117,SERVICE MARITIME ET DE NAVIGATION,2,DEPENSES DE SERVICES ET CHARGES DIVERSES," 15,782,590.00 "," 15,782,580.00 ", 10.00 
1114,"MINISTERE DES TRAVAUX PUBLICS, TRANSPORTS ET COMMUNICATIONS",1114118,CONSEIL NATIONAL DES TELECOMMUNICATIONS,1,DEPENSES DE PERSONNEL," 7,255,572.00 "," 7,063,390.00 "," 192,182.00 "
1114,"MINISTERE DES TRAVAUX PUBLICS, TRANSPORTS ET COMMUNICATIONS",1114118,CONSEIL NATIONAL DES TELECOMMUNICATIONS,2,DEPENSES DE SERVICES ET CHARGES DIVERSES," 484,960.00 ", -   ," 484,960.00 "
1114,"MINISTERE DES TRAVAUX PUBLICS, TRANSPORTS ET COMMUNICATIONS",1114119,BUREAU DES MINES ET DE L'ENERGIE,1,DEPENSES DE PERSONNEL," 46,304,330.87 "," 45,313,139.62 "," 991,191.25 "
1114,"MINISTERE DES TRAVAUX PUBLICS, TRANSPORTS ET COMMUNICATIONS",1114119,BUREAU DES MINES ET DE L'ENERGIE,2,DEPENSES DE SERVICES ET CHARGES DIVERSES," 6,695,568.00 "," 6,695,487.04 ", 80.96 
1114,"MINISTERE DES TRAVAUX PUBLICS, TRANSPORTS ET COMMUNICATIONS",1114120,FONDS D'ENTRETIEN ROUTIER,1,DEPENSES DE PERSONNEL," 119,730.00 ", -   ," 119,730.00 "
1114,"MINISTERE DES TRAVAUX PUBLICS, TRANSPORTS ET COMMUNICATIONS",1114120,FONDS D'ENTRETIEN ROUTIER,2,DEPENSES DE SERVICES ET CHARGES DIVERSES," 4,874,687.00 "," 4,855,650.88 "," 19,036.12 "
1114,"MINISTERE DES TRAVAUX PUBLICS, TRANSPORTS ET COMMUNICATIONS",1114121,CENTRE NATIONAL DES EQUIPEMENTS,1,DEPENSES DE PERSONNEL," 136,464,798.60 "," 136,327,208.21 "," 137,590.39 "
1114,"MINISTERE DES TRAVAUX PUBLICS, TRANSPORTS ET COMMUNICATIONS",1114121,CENTRE NATIONAL DES EQUIPEMENTS,2,DEPENSES DE SERVICES ET CHARGES DIVERSES," 58,850,330.00 "," 58,766,721.50 "," 83,608.50 "
1114,"MINISTERE DES TRAVAUX PUBLICS, TRANSPORTS ET COMMUNICATIONS",1114122,DIRECTION NATIONALE DE L'EAU POTABLE ET DE L'ASSAINISSEMENT,1,DEPENSES DE PERSONNEL," 52,722,660.00 "," 51,061,450.67 "," 1,661,209.33 "
1114,"MINISTERE DES TRAVAUX PUBLICS, TRANSPORTS ET COMMUNICATIONS",1114122,DIRECTION NATIONALE DE L'EAU POTABLE ET DE L'ASSAINISSEMENT,2,DEPENSES DE SERVICES ET CHARGES DIVERSES," 6,500,000.00 "," 5,913,242.47 "," 586,757.53 "
1114 Total,,,,,," 1,027,072,986.27 "," 1,009,086,332.63 "," 17,986,653.64 "
1115,MINISTERE DU COMMERCE ET DE L'INDUSTRIE,1115111,BUREAU DU MINISTRE,1,DEPENSES DE PERSONNEL," 25,651,606.02 "," 25,651,600.03 ", 5.99 
1115,MINISTERE DU COMMERCE ET DE L'INDUSTRIE,1115111,BUREAU DU MINISTRE,2,DEPENSES DE SERVICES ET CHARGES DIVERSES," 10,439,101.08 "," 10,439,084.74 ", 16.34 
1115,MINISTERE DU COMMERCE ET DE L'INDUSTRIE,1115111,BUREAU DU MINISTRE,3,ACHATS DE BIENS DE CONSOMMATION ET PETIT MATERIEL," 11,797,735.19 "," 11,797,726.46 ", 8.73 
1115,MINISTERE DU COMMERCE ET DE L'INDUSTRIE,1115111,BUREAU DU MINISTRE,4,IMMOBILISATION CORPORELLE," 4,192,356.10 "," 4,192,277.49 ", 78.61 
1115,MINISTERE DU COMMERCE ET DE L'INDUSTRIE,1115111,BUREAU DU MINISTRE,7,"SUBVENTIONS, QUOTES-PARTS ET CONTRIB., ALLOC ,INDEMNISATIONS", -   , -   , -   
1115,MINISTERE DU COMMERCE ET DE L'INDUSTRIE,1115111,BUREAU DU MINISTRE,9,AUTRES DEPENSES PUBLIQUES," 751,981.00 "," 751,980.00 ", 1.00 
1115,MINISTERE DU COMMERCE ET DE L'INDUSTRIE,1115112,DIRECTION GENERALE DES SERVICES INTERNES,1,DEPENSES DE PERSONNEL," 203,840,894.98 "," 203,767,707.28 "," 73,187.70 "
1115,MINISTERE DU COMMERCE ET DE L'INDUSTRIE,1115112,DIRECTION GENERALE DES SERVICES INTERNES,2,DEPENSES DE SERVICES ET CHARGES DIVERSES," 4,330,918.34 "," 4,330,898.37 ", 19.97 
1115,MINISTERE DU COMMERCE ET DE L'INDUSTRIE,1115112,DIRECTION GENERALE DES SERVICES INTERNES,3,ACHATS DE BIENS DE CONSOMMATION ET PETIT MATERIEL," 8,802,456.60 "," 8,802,410.00 ", 46.60 
1115,MINISTERE DU COMMERCE ET DE L'INDUSTRIE,1115112,DIRECTION GENERALE DES SERVICES INTERNES,4,IMMOBILISATION CORPORELLE," 3,948,041.28 "," 3,948,001.66 ", 39.62 
1115,MINISTERE DU COMMERCE ET DE L'INDUSTRIE,1115112,DIRECTION GENERALE DES SERVICES INTERNES,7,"SUBVENTIONS, QUOTES-PARTS ET CONTRIB., ALLOC ,INDEMNISATIONS", (16.00), -   , (16.00)
1115,MINISTERE DU COMMERCE ET DE L'INDUSTRIE,1115112,DIRECTION GENERALE DES SERVICES INTERNES,9,AUTRES DEPENSES PUBLIQUES, 2.00 , -   , 2.00 
1115,MINISTERE DU COMMERCE ET DE L'INDUSTRIE,1115113,OFFICE DES POSTES D'HAITI,1,DEPENSES DE PERSONNEL," 81,884,386.50 "," 81,884,130.98 ", 255.52 
1115,MINISTERE DU COMMERCE ET DE L'INDUSTRIE,1115113,OFFICE DES POSTES D'HAITI,2,DEPENSES DE SERVICES ET CHARGES DIVERSES," 22,194,983.00 "," 22,194,872.54 ", 110.46 
1115,MINISTERE DU COMMERCE ET DE L'INDUSTRIE,1115115,DIRECTION GENERALE DES ZONES FRANCHES,1,DEPENSES DE PERSONNEL," 19,800,091.20 "," 19,521,856.77 "," 278,234.43 "
1115,MINISTERE DU COMMERCE ET DE L'INDUSTRIE,1115115,DIRECTION GENERALE DES ZONES FRANCHES,2,DEPENSES DE SERVICES ET CHARGES DIVERSES," 16,268,842.00 "," 15,837,140.54 "," 431,701.46 "
1115,MINISTERE DU COMMERCE ET DE L'INDUSTRIE,1115116,CENTRE DE FACILITATION DES INVESTISSEMENTS,1,DEPENSES DE PERSONNEL," 47,220,718.30 "," 47,219,663.96 "," 1,054.34 "
1115,MINISTERE DU COMMERCE ET DE L'INDUSTRIE,1115116,CENTRE DE FACILITATION DES INVESTISSEMENTS,2,DEPENSES DE SERVICES ET CHARGES DIVERSES," 62,901,305.00 "," 62,892,229.38 "," 9,075.62 "
1115 Total,,,,,," 524,025,402.59 "," 523,231,580.20 "," 793,822.39 "
1116,MINISTERE DE L'ENVIRONNEMENT,1116111,BUREAU DU MINISTRE,1,DEPENSES DE PERSONNEL," 57,160,912.01 "," 57,159,856.64 "," 1,055.37 "
1116,MINISTERE DE L'ENVIRONNEMENT,1116111,BUREAU DU MINISTRE,2,DEPENSES DE SERVICES ET CHARGES DIVERSES," 13,659,761.46 "," 13,627,071.72 "," 32,689.74 "
1116,MINISTERE DE L'ENVIRONNEMENT,1116111,BUREAU DU MINISTRE,3,ACHATS DE BIENS DE CONSOMMATION ET PETIT MATERIEL," 26,706,600.99 "," 26,706,600.00 ", 0.99 
1116,MINISTERE DE L'ENVIRONNEMENT,1116111,BUREAU DU MINISTRE,9,AUTRES DEPENSES PUBLIQUES," 9,983,545.01 "," 9,983,544.15 ", 0.86 
1116,MINISTERE DE L'ENVIRONNEMENT,1116112,DIRECTION GENERALE DES SERVICES INTERNES,1,DEPENSES DE PERSONNEL," 260,686,484.89 "," 260,588,253.78 "," 98,231.11 "
1116,MINISTERE DE L'ENVIRONNEMENT,1116112,DIRECTION GENERALE DES SERVICES INTERNES,2,DEPENSES DE SERVICES ET CHARGES DIVERSES," 29,890,175.50 "," 29,856,125.46 "," 34,050.04 "
1116,MINISTERE DE L'ENVIRONNEMENT,1116112,DIRECTION GENERALE DES SERVICES INTERNES,3,ACHATS DE BIENS DE CONSOMMATION ET PETIT MATERIEL," 30,339,561.01 "," 30,335,685.19 "," 3,875.82 "
1116,MINISTERE DE L'ENVIRONNEMENT,1116112,DIRECTION GENERALE DES SERVICES INTERNES,4,IMMOBILISATION CORPORELLE," 11,907,809.98 "," 11,839,366.63 "," 68,443.35 "
1116,MINISTERE DE L'ENVIRONNEMENT,1116112,DIRECTION GENERALE DES SERVICES INTERNES,5,IMMOBILISATION INCORPORELLE," 339,014.00 "," 337,920.00 "," 1,094.00 "
1116,MINISTERE DE L'ENVIRONNEMENT,1116112,DIRECTION GENERALE DES SERVICES INTERNES,7,"SUBVENTIONS, QUOTES-PARTS ET CONTRIB., ALLOC ,INDEMNISATIONS"," 7,959,561.10 "," 7,955,000.00 "," 4,561.10 "
1116,MINISTERE DE L'ENVIRONNEMENT,1116112,DIRECTION GENERALE DES SERVICES INTERNES,9,AUTRES DEPENSES PUBLIQUES," 4,387,737.02 "," 4,386,829.36 ", 907.66 
1116 Total,,,,,," 453,021,162.97 "," 452,776,252.93 "," 244,910.04 "
1117,MINISTERE DU TOURISME,1117111,BUREAU DU MINISTRE,1,DEPENSES DE PERSONNEL," 17,884,279.00 "," 17,884,266.66 ", 12.34 
1117,MINISTERE DU TOURISME,1117111,BUREAU DU MINISTRE,2,DEPENSES DE SERVICES ET CHARGES DIVERSES," 9,156,442.90 "," 8,918,028.96 "," 238,413.94 "
1117,MINISTERE DU TOURISME,1117111,BUREAU DU MINISTRE,3,ACHATS DE BIENS DE CONSOMMATION ET PETIT MATERIEL," 1,410,908.41 "," 1,410,905.40 ", 3.01 
1117,MINISTERE DU TOURISME,1117111,BUREAU DU MINISTRE,4,IMMOBILISATION CORPORELLE," 666,508.20 "," 666,484.90 ", 23.30 
1117,MINISTERE DU TOURISME,1117111,BUREAU DU MINISTRE,7,"SUBVENTIONS, QUOTES-PARTS ET CONTRIB., ALLOC ,INDEMNISATIONS", -   , -   , -   
1117,MINISTERE DU TOURISME,1117111,BUREAU DU MINISTRE,9,AUTRES DEPENSES PUBLIQUES, -   , -   , -   
1117,MINISTERE DU TOURISME,1117112,DIRECTION GENERALE DES SERVICES INTERNES,1,DEPENSES DE PERSONNEL," 90,029,380.40 "," 90,025,104.67 "," 4,275.73 "
1117,MINISTERE DU TOURISME,1117112,DIRECTION GENERALE DES SERVICES INTERNES,2,DEPENSES DE SERVICES ET CHARGES DIVERSES," 12,304,135.07 "," 12,303,940.55 ", 194.52 
1117,MINISTERE DU TOURISME,1117112,DIRECTION GENERALE DES SERVICES INTERNES,3,ACHATS DE BIENS DE CONSOMMATION ET PETIT MATERIEL," 8,045,137.02 "," 8,043,111.42 "," 2,025.60 "
1117,MINISTERE DU TOURISME,1117112,DIRECTION GENERALE DES SERVICES INTERNES,4,IMMOBILISATION CORPORELLE," 4,958,361.50 "," 4,945,169.01 "," 13,192.49 "
1117,MINISTERE DU TOURISME,1117112,DIRECTION GENERALE DES SERVICES INTERNES,7,"SUBVENTIONS, QUOTES-PARTS ET CONTRIB., ALLOC ,INDEMNISATIONS", -   , -   , -   
1117,MINISTERE DU TOURISME,1117112,DIRECTION GENERALE DES SERVICES INTERNES,9,AUTRES DEPENSES PUBLIQUES," 12,193,116.38 "," 12,193,102.19 ", 14.19 
1117,MINISTERE DU TOURISME,1117113,ECOLE HOTELIERE,1,DEPENSES DE PERSONNEL," 17,273,021.60 "," 17,266,924.97 "," 6,096.63 "
1117,MINISTERE DU TOURISME,1117113,ECOLE HOTELIERE,2,DEPENSES DE SERVICES ET CHARGES DIVERSES," 11,389,987.98 "," 11,389,802.87 ", 185.11 
1117 Total,,,,,," 185,311,278.46 "," 185,046,841.60 "," 264,436.86 "
1211,MINISTERE DE LA JUSTICE,1211111,BUREAU DU MINISTRE,1,DEPENSES DE PERSONNEL," 18,904,511.90 "," 18,654,230.14 "," 250,281.76 "
1211,MINISTERE DE LA JUSTICE,1211111,BUREAU DU MINISTRE,2,DEPENSES DE SERVICES ET CHARGES DIVERSES," 3,970,066.10 "," 3,556,158.97 "," 413,907.13 "
1211,MINISTERE DE LA JUSTICE,1211111,BUREAU DU MINISTRE,3,ACHATS DE BIENS DE CONSOMMATION ET PETIT MATERIEL," 2,118,100.00 "," 2,118,000.00 ", 100.00 
1211,MINISTERE DE LA JUSTICE,1211111,BUREAU DU MINISTRE,4,IMMOBILISATION CORPORELLE," 2,403,324.00 "," 2,398,106.00 "," 5,218.00 "
1211,MINISTERE DE LA JUSTICE,1211111,BUREAU DU MINISTRE,7,"SUBVENTIONS, QUOTES-PARTS ET CONTRIB., ALLOC ,INDEMNISATIONS", -   , -   , -   
1211,MINISTERE DE LA JUSTICE,1211111,BUREAU DU MINISTRE,9,AUTRES DEPENSES PUBLIQUES," 12,749,953.20 "," 12,617,574.25 "," 132,378.95 "
1211,MINISTERE DE LA JUSTICE,1211112,DIRECTION GENERALE DES SERVICES INTERNES,1,DEPENSES DE PERSONNEL," 1,112,086,677.40 "," 1,108,902,091.40 "," 3,184,586.00 "
1211,MINISTERE DE LA JUSTICE,1211112,DIRECTION GENERALE DES SERVICES INTERNES,2,DEPENSES DE SERVICES ET CHARGES DIVERSES," 106,504,877.00 "," 104,642,081.48 "," 1,862,795.52 "
1211,MINISTERE DE LA JUSTICE,1211112,DIRECTION GENERALE DES SERVICES INTERNES,3,ACHATS DE BIENS DE CONSOMMATION ET PETIT MATERIEL," 131,501,450.94 "," 128,440,772.17 "," 3,060,678.77 "
1211,MINISTERE DE LA JUSTICE,1211112,DIRECTION GENERALE DES SERVICES INTERNES,4,IMMOBILISATION CORPORELLE," 60,760,063.00 "," 60,615,321.14 "," 144,741.86 "
1211,MINISTERE DE LA JUSTICE,1211112,DIRECTION GENERALE DES SERVICES INTERNES,7,"SUBVENTIONS, QUOTES-PARTS ET CONTRIB., ALLOC ,INDEMNISATIONS"," 5,000,000.00 ", -   ," 5,000,000.00 "
1211,MINISTERE DE LA JUSTICE,1211112,DIRECTION GENERALE DES SERVICES INTERNES,9,AUTRES DEPENSES PUBLIQUES," 43,785,495.99 "," 43,701,680.00 "," 83,815.99 "
1211,MINISTERE DE LA JUSTICE,1211117,UNITE CENTRALE DE RENSEIGNEMENTS FINANCIERS,1,DEPENSES DE PERSONNEL," 42,499,961.40 "," 42,402,066.49 "," 97,894.91 "
1211,MINISTERE DE LA JUSTICE,1211117,UNITE CENTRALE DE RENSEIGNEMENTS FINANCIERS,2,DEPENSES DE SERVICES ET CHARGES DIVERSES," 11,709,413.00 "," 11,676,083.64 "," 33,329.36 "
1211,MINISTERE DE LA JUSTICE,1211118,BUREAU DU SECRETAIRE D'ETAT A LA SECURITE PUBLIQUE,1,DEPENSES DE PERSONNEL," 25,214,395.00 "," 25,073,516.91 "," 140,878.09 "
1211,MINISTERE DE LA JUSTICE,1211118,BUREAU DU SECRETAIRE D'ETAT A LA SECURITE PUBLIQUE,9,AUTRES DEPENSES PUBLIQUES," 28,581,855.00 "," 28,580,824.96 "," 1,030.04 "
1211,MINISTERE DE LA JUSTICE,1211119,OFFICE NATIONAL D'IDENTIFICATION,1,DEPENSES DE PERSONNEL," 126,095,041.00 "," 126,086,146.68 "," 8,894.32 "
1211,MINISTERE DE LA JUSTICE,1211119,OFFICE NATIONAL D'IDENTIFICATION,2,DEPENSES DE SERVICES ET CHARGES DIVERSES," 39,904,879.00 "," 39,897,073.26 "," 7,805.74 "
1211,MINISTERE DE LA JUSTICE,1211121,ECOLE DE LA MAGISTRATURE,1,DEPENSES DE PERSONNEL," 19,416,063.10 "," 18,965,223.39 "," 450,839.71 "
1211,MINISTERE DE LA JUSTICE,1211121,ECOLE DE LA MAGISTRATURE,2,DEPENSES DE SERVICES ET CHARGES DIVERSES," 15,583,897.00 "," 15,583,858.43 ", 38.57 
1211,MINISTERE DE LA JUSTICE,1211216,POLICE NATIONALE D'HAITI,1,DEPENSES DE PERSONNEL," 6,884,084,743.47 "," 6,854,464,121.84 "," 29,620,621.63 "
1211,MINISTERE DE LA JUSTICE,1211216,POLICE NATIONALE D'HAITI,2,DEPENSES DE SERVICES ET CHARGES DIVERSES," 115,738,895.70 "," 115,466,600.60 "," 272,295.10 "
1211,MINISTERE DE LA JUSTICE,1211216,POLICE NATIONALE D'HAITI,3,ACHATS DE BIENS DE CONSOMMATION ET PETIT MATERIEL," 1,478,350,784.00 "," 1,477,725,881.20 "," 624,902.80 "
1211,MINISTERE DE LA JUSTICE,1211216,POLICE NATIONALE D'HAITI,4,IMMOBILISATION CORPORELLE," 31,999,967.00 "," 31,915,654.93 "," 84,312.07 "
1211,MINISTERE DE LA JUSTICE,1211216,POLICE NATIONALE D'HAITI,7,"SUBVENTIONS, QUOTES-PARTS ET CONTRIB., ALLOC ,INDEMNISATIONS"," 26,796,443.98 "," 25,936,038.00 "," 860,405.98 "
1211,MINISTERE DE LA JUSTICE,1211216,POLICE NATIONALE D'HAITI,9,AUTRES DEPENSES PUBLIQUES," 235,273,364.00 "," 235,153,872.50 "," 119,491.50 "
1211 Total,,,,,," 10,581,034,222.18 "," 10,534,572,978.38 "," 46,461,243.80 "
1212,MINISTERE DES HAITIENS VIVANT A L'ETRANGER,1212111,BUREAU DU MINISTRE,1,DEPENSES DE PERSONNEL," 14,500,532.00 "," 14,500,502.93 ", 29.07 
1212,MINISTERE DES HAITIENS VIVANT A L'ETRANGER,1212111,BUREAU DU MINISTRE,2,DEPENSES DE SERVICES ET CHARGES DIVERSES," 11,504,870.08 "," 11,474,220.24 "," 30,649.84 "
1212,MINISTERE DES HAITIENS VIVANT A L'ETRANGER,1212111,BUREAU DU MINISTRE,3,ACHATS DE BIENS DE CONSOMMATION ET PETIT MATERIEL," 3,731,408.89 "," 3,728,820.78 "," 2,588.11 "
1212,MINISTERE DES HAITIENS VIVANT A L'ETRANGER,1212111,BUREAU DU MINISTRE,4,IMMOBILISATION CORPORELLE," 3,436,975.98 "," 3,434,102.63 "," 2,873.35 "
1212,MINISTERE DES HAITIENS VIVANT A L'ETRANGER,1212111,BUREAU DU MINISTRE,5,IMMOBILISATION INCORPORELLE," 100,000.00 "," 99,994.40 ", 5.60 
1212,MINISTERE DES HAITIENS VIVANT A L'ETRANGER,1212111,BUREAU DU MINISTRE,7,"SUBVENTIONS, QUOTES-PARTS ET CONTRIB., ALLOC ,INDEMNISATIONS", -   , -   , -   
1212,MINISTERE DES HAITIENS VIVANT A L'ETRANGER,1212111,BUREAU DU MINISTRE,9,AUTRES DEPENSES PUBLIQUES, 7.99 , -   , 7.99 
1212,MINISTERE DES HAITIENS VIVANT A L'ETRANGER,1212112,DIRECTION GENERALE DES SERVICES INTERNES,1,DEPENSES DE PERSONNEL," 53,679,228.90 "," 53,525,971.63 "," 153,257.27 "
1212,MINISTERE DES HAITIENS VIVANT A L'ETRANGER,1212112,DIRECTION GENERALE DES SERVICES INTERNES,2,DEPENSES DE SERVICES ET CHARGES DIVERSES," 4,299,922.99 "," 4,284,419.14 "," 15,503.85 "
1212,MINISTERE DES HAITIENS VIVANT A L'ETRANGER,1212112,DIRECTION GENERALE DES SERVICES INTERNES,3,ACHATS DE BIENS DE CONSOMMATION ET PETIT MATERIEL," 8,746,823.01 "," 8,745,331.16 "," 1,491.85 "
1212,MINISTERE DES HAITIENS VIVANT A L'ETRANGER,1212112,DIRECTION GENERALE DES SERVICES INTERNES,4,IMMOBILISATION CORPORELLE, -   , -   , -   
1212,MINISTERE DES HAITIENS VIVANT A L'ETRANGER,1212112,DIRECTION GENERALE DES SERVICES INTERNES,9,AUTRES DEPENSES PUBLIQUES, 0.10 , -   , 0.10 
1212 Total,,,,,," 99,999,769.94 "," 99,793,362.91 "," 206,407.03 "
1213,MINISTERE DES AFFAIRES ETRANGERES,1213111,BUREAU DU MINISTRE,1,DEPENSES DE PERSONNEL," 108,566,539.98 "," 108,566,512.72 ", 27.26 
1213,MINISTERE DES AFFAIRES ETRANGERES,1213111,BUREAU DU MINISTRE,2,DEPENSES DE SERVICES ET CHARGES DIVERSES," 8,265,009.92 "," 8,264,982.76 ", 27.16 
1213,MINISTERE DES AFFAIRES ETRANGERES,1213111,BUREAU DU MINISTRE,7,"SUBVENTIONS, QUOTES-PARTS ET CONTRIB., ALLOC ,INDEMNISATIONS", -   , -   , -   
1213,MINISTERE DES AFFAIRES ETRANGERES,1213111,BUREAU DU MINISTRE,9,AUTRES DEPENSES PUBLIQUES, -   , -   , -   
1213,MINISTERE DES AFFAIRES ETRANGERES,1213112,DIRECTION GENERALE DES SERVICES INTERNES,1,DEPENSES DE PERSONNEL," 219,405,703.32 "," 219,405,629.38 ", 73.94 
1213,MINISTERE DES AFFAIRES ETRANGERES,1213112,DIRECTION GENERALE DES SERVICES INTERNES,2,DEPENSES DE SERVICES ET CHARGES DIVERSES," 76,332,416.98 "," 76,331,375.16 "," 1,041.82 "
1213,MINISTERE DES AFFAIRES ETRANGERES,1213112,DIRECTION GENERALE DES SERVICES INTERNES,3,ACHATS DE BIENS DE CONSOMMATION ET PETIT MATERIEL," 59,560,464.38 "," 59,560,341.40 ", 122.98 
1213,MINISTERE DES AFFAIRES ETRANGERES,1213112,DIRECTION GENERALE DES SERVICES INTERNES,4,IMMOBILISATION CORPORELLE," 23,025,667.72 "," 23,025,609.97 ", 57.75 
1213,MINISTERE DES AFFAIRES ETRANGERES,1213112,DIRECTION GENERALE DES SERVICES INTERNES,5,IMMOBILISATION INCORPORELLE," 68,000.01 "," 68,000.00 ", 0.01 
1213,MINISTERE DES AFFAIRES ETRANGERES,1213112,DIRECTION GENERALE DES SERVICES INTERNES,9,AUTRES DEPENSES PUBLIQUES," 3,320,775,731.12 "," 3,320,054,899.94 "," 720,831.18 "
1213 Total,,,,,," 3,815,999,533.43 "," 3,815,277,351.33 "," 722,182.10 "
1214,LA PRESIDENCE,1214111,BUREAU DU PRESIDENT,1,DEPENSES DE PERSONNEL," 132,116,105.90 "," 132,116,062.44 ", 43.46 
1214,LA PRESIDENCE,1214111,BUREAU DU PRESIDENT,2,DEPENSES DE SERVICES ET CHARGES DIVERSES, 0.30 , -   , 0.30 
1214,LA PRESIDENCE,1214111,BUREAU DU PRESIDENT,4,IMMOBILISATION CORPORELLE," 30,027,720.00 "," 30,027,719.00 ", 1.00 
1214,LA PRESIDENCE,1214111,BUREAU DU PRESIDENT,9,AUTRES DEPENSES PUBLIQUES," 60,000,000.00 "," 60,000,000.00 ", -   
1214,LA PRESIDENCE,1214112,ADMINISTRATION GENERALE,1,DEPENSES DE PERSONNEL," 116,491,570.10 "," 116,491,480.85 ", 89.25 
1214,LA PRESIDENCE,1214112,ADMINISTRATION GENERALE,2,DEPENSES DE SERVICES ET CHARGES DIVERSES," 181,937,824.86 "," 181,722,952.36 "," 214,872.50 "
1214,LA PRESIDENCE,1214112,ADMINISTRATION GENERALE,3,ACHATS DE BIENS DE CONSOMMATION ET PETIT MATERIEL," 68,987,942.04 "," 68,920,913.05 "," 67,028.99 "
1214,LA PRESIDENCE,1214112,ADMINISTRATION GENERALE,4,IMMOBILISATION CORPORELLE," 28,481,074.00 "," 28,462,979.01 "," 18,094.99 "
1214,LA PRESIDENCE,1214112,ADMINISTRATION GENERALE,5,IMMOBILISATION INCORPORELLE," 930,301.00 "," 930,300.00 ", 1.00 
1214,LA PRESIDENCE,1214112,ADMINISTRATION GENERALE,7,"SUBVENTIONS, QUOTES-PARTS ET CONTRIB., ALLOC ,INDEMNISATIONS"," 1,998,714.00 "," 1,998,692.00 ", 22.00 
1214,LA PRESIDENCE,1214112,ADMINISTRATION GENERALE,9,AUTRES DEPENSES PUBLIQUES," 10,660,359.00 "," 10,660,358.19 ", 0.81 
1214,LA PRESIDENCE,1214113,SERVICE DE SECURITE DU PALAIS NATIONAL,1,DEPENSES DE PERSONNEL," 281,361,603.30 "," 281,342,413.17 "," 19,190.13 "
1214,LA PRESIDENCE,1214113,SERVICE DE SECURITE DU PALAIS NATIONAL,3,ACHATS DE BIENS DE CONSOMMATION ET PETIT MATERIEL," 68,816,039.00 "," 68,816,037.70 ", 1.30 
1214,LA PRESIDENCE,1214113,SERVICE DE SECURITE DU PALAIS NATIONAL,4,IMMOBILISATION CORPORELLE, -   , -   , -   
1214,LA PRESIDENCE,1214113,SERVICE DE SECURITE DU PALAIS NATIONAL,7,"SUBVENTIONS, QUOTES-PARTS ET CONTRIB., ALLOC ,INDEMNISATIONS"," 2,161,320.40 "," 2,161,305.00 ", 15.40 
1214,LA PRESIDENCE,1214113,SERVICE DE SECURITE DU PALAIS NATIONAL,9,AUTRES DEPENSES PUBLIQUES," 144,000,180.00 "," 144,000,000.00 ", 180.00 
1214,LA PRESIDENCE,1214114,DOTATION POUR COMPTE SPECIAL DU PRESIDENT,9,AUTRES DEPENSES PUBLIQUES," 76,600,000.00 "," 76,599,996.00 ", 4.00 
1214 Total,,,,,," 1,204,570,753.90 "," 1,204,251,208.77 "," 319,545.13 "
1215,LA PRIMATURE,1215111,BUREAU DU PREMIER MINISTRE,1,DEPENSES DE PERSONNEL," 319,462,945.10 "," 303,686,915.72 "," 15,776,029.38 "
1215,LA PRIMATURE,1215111,BUREAU DU PREMIER MINISTRE,2,DEPENSES DE SERVICES ET CHARGES DIVERSES," 22,262,815.01 "," 17,429,952.14 "," 4,832,862.87 "
1215,LA PRIMATURE,1215111,BUREAU DU PREMIER MINISTRE,3,ACHATS DE BIENS DE CONSOMMATION ET PETIT MATERIEL," 42,761,431.51 "," 35,426,672.64 "," 7,334,758.87 "
1215,LA PRIMATURE,1215111,BUREAU DU PREMIER MINISTRE,4,IMMOBILISATION CORPORELLE," 9,668,476.03 "," 8,600,773.12 "," 1,067,702.91 "
1215,LA PRIMATURE,1215111,BUREAU DU PREMIER MINISTRE,9,AUTRES DEPENSES PUBLIQUES," 24,500,000.00 "," 24,500,000.00 ", -   
1215,LA PRIMATURE,1215112,ADMINISTRATION GENERALE,1,DEPENSES DE PERSONNEL," 149,218,333.40 "," 126,459,406.26 "," 22,758,927.14 "
1215,LA PRIMATURE,1215112,ADMINISTRATION GENERALE,2,DEPENSES DE SERVICES ET CHARGES DIVERSES," 166,129,043.22 "," 151,549,246.89 "," 14,579,796.33 "
1215,LA PRIMATURE,1215112,ADMINISTRATION GENERALE,3,ACHATS DE BIENS DE CONSOMMATION ET PETIT MATERIEL," 57,941,591.29 "," 50,321,369.42 "," 7,620,221.87 "
1215,LA PRIMATURE,1215112,ADMINISTRATION GENERALE,4,IMMOBILISATION CORPORELLE," 38,334,936.81 "," 36,918,458.53 "," 1,416,478.28 "
1215,LA PRIMATURE,1215112,ADMINISTRATION GENERALE,5,IMMOBILISATION INCORPORELLE, 3.00 , -   , 3.00 
1215,LA PRIMATURE,1215112,ADMINISTRATION GENERALE,7,"SUBVENTIONS, QUOTES-PARTS ET CONTRIB., ALLOC ,INDEMNISATIONS"," 38,869,264.90 "," 37,733,463.50 "," 1,135,801.40 "
1215,LA PRIMATURE,1215112,ADMINISTRATION GENERALE,9,AUTRES DEPENSES PUBLIQUES," 474,915,008.29 "," 474,818,789.56 "," 96,218.73 "
1215,LA PRIMATURE,1215113,DOTATION POUR COMPTE SPECIAL DU PREMIER MINISTRE,9,AUTRES DEPENSES PUBLIQUES," 52,028,538.90 "," 52,028,532.00 ", 6.90 
1215,LA PRIMATURE,1215116,CONSEIL DE MODERNISATION DES ENTREPRISES PUBLIQUES,1,DEPENSES DE PERSONNEL," 29,470,271.50 "," 28,939,631.23 "," 530,640.27 "
1215,LA PRIMATURE,1215116,CONSEIL DE MODERNISATION DES ENTREPRISES PUBLIQUES,2,DEPENSES DE SERVICES ET CHARGES DIVERSES," 11,561,004.00 "," 11,554,345.81 "," 6,658.19 "
1215,LA PRIMATURE,1215117,COMMISSSION NATIONALE DE LUTTE CONTRE LA DROGUE,1,DEPENSES DE PERSONNEL," 26,442,501.00 "," 26,442,477.85 ", 23.15 
1215,LA PRIMATURE,1215117,COMMISSSION NATIONALE DE LUTTE CONTRE LA DROGUE,2,DEPENSES DE SERVICES ET CHARGES DIVERSES," 9,327,505.00 "," 9,327,397.22 ", 107.78 
1215,LA PRIMATURE,1215118,BUREAU DE L'ORDONNATEUR NATIONAL,1,DEPENSES DE PERSONNEL," 43,388,527.00 "," 39,696,855.57 "," 3,691,671.43 "
1215,LA PRIMATURE,1215118,BUREAU DE L'ORDONNATEUR NATIONAL,2,DEPENSES DE SERVICES ET CHARGES DIVERSES," 17,244,878.00 "," 17,232,102.14 "," 12,775.86 "
1215,LA PRIMATURE,1215119,COMMISSION NATIONALE DE PASSATION DES MARCHES,1,DEPENSES DE PERSONNEL," 76,637,661.00 "," 76,167,293.63 "," 470,367.37 "
1215,LA PRIMATURE,1215119,COMMISSION NATIONALE DE PASSATION DES MARCHES,2,DEPENSES DE SERVICES ET CHARGES DIVERSES," 33,389,679.00 "," 33,378,326.58 "," 11,352.42 "
1215,LA PRIMATURE,1215121,CONSEIL SUPERIEUR DE LA POLICE NATIONALE,2,DEPENSES DE SERVICES ET CHARGES DIVERSES," 52,200,000.00 "," 52,200,000.00 ", -   
1215,LA PRIMATURE,1215122,BUR. DE COORD. ET DE SUIVI DES ACCORDS CARICOM/OMC/ZLEA,1,DEPENSES DE PERSONNEL," 18,831,034.00 "," 18,831,008.17 ", 25.83 
1215,LA PRIMATURE,1215122,BUR. DE COORD. ET DE SUIVI DES ACCORDS CARICOM/OMC/ZLEA,2,DEPENSES DE SERVICES ET CHARGES DIVERSES," 8,812,067.00 "," 8,812,053.81 ", 13.19 
1215,LA PRIMATURE,1215123,APPUI A LA FORMATION,7,"SUBVENTIONS, QUOTES-PARTS ET CONTRIB., ALLOC ,INDEMNISATIONS"," 17,231,701.00 "," 7,440,992.00 "," 9,790,709.00 "
1215,LA PRIMATURE,1215214,C.E.F.O.P.A.F.O.P,1,DEPENSES DE PERSONNEL," 11,768,668.50 "," 11,759,241.66 "," 9,426.84 "
1215,LA PRIMATURE,1215214,C.E.F.O.P.A.F.O.P,2,DEPENSES DE SERVICES ET CHARGES DIVERSES," 18,610,347.50 "," 18,106,273.23 "," 504,074.27 "
1215,LA PRIMATURE,1215220,BUREAU DE GESTION DES MILITAIRES DEMOBILISES,1,DEPENSES DE PERSONNEL," 16,467,876.90 "," 16,139,125.01 "," 328,751.89 "
1215,LA PRIMATURE,1215220,BUREAU DE GESTION DES MILITAIRES DEMOBILISES,2,DEPENSES DE SERVICES ET CHARGES DIVERSES," 9,597,463.00 "," 4,941,222.45 "," 4,656,240.55 "
1215 Total,,,,,," 1,797,073,571.86 "," 1,700,441,926.14 "," 96,631,645.72 "
1216,MINISTERE DE L'INTERIEUR & DES COLLECTIVITÉS TERRITORIALES,1216111,BUREAU DU MINISTRE,1,DEPENSES DE PERSONNEL," 79,607,638.02 "," 78,178,698.25 "," 1,428,939.77 "
1216,MINISTERE DE L'INTERIEUR & DES COLLECTIVITÉS TERRITORIALES,1216111,BUREAU DU MINISTRE,2,DEPENSES DE SERVICES ET CHARGES DIVERSES," 14,871,649.26 "," 14,869,357.00 "," 2,292.26 "
1216,MINISTERE DE L'INTERIEUR & DES COLLECTIVITÉS TERRITORIALES,1216111,BUREAU DU MINISTRE,3,ACHATS DE BIENS DE CONSOMMATION ET PETIT MATERIEL," 2,504,039.01 "," 2,280,134.00 "," 223,905.01 "
1216,MINISTERE DE L'INTERIEUR & DES COLLECTIVITÉS TERRITORIALES,1216111,BUREAU DU MINISTRE,4,IMMOBILISATION CORPORELLE," 19,220,995.10 "," 19,175,984.00 "," 45,011.10 "
1216,MINISTERE DE L'INTERIEUR & DES COLLECTIVITÉS TERRITORIALES,1216111,BUREAU DU MINISTRE,7,"SUBVENTIONS, QUOTES-PARTS ET CONTRIB., ALLOC ,INDEMNISATIONS"," 5,386,456.00 "," 5,386,456.00 ", -   
1216,MINISTERE DE L'INTERIEUR & DES COLLECTIVITÉS TERRITORIALES,1216111,BUREAU DU MINISTRE,9,AUTRES DEPENSES PUBLIQUES," 30,000,000.40 "," 29,999,988.00 ", 12.40 
1216,MINISTERE DE L'INTERIEUR & DES COLLECTIVITÉS TERRITORIALES,1216112,DIRECTION GENERALE DES SERVICES INTERNES,1,DEPENSES DE PERSONNEL," 462,834,537.78 "," 458,742,845.45 "," 4,091,692.33 "
1216,MINISTERE DE L'INTERIEUR & DES COLLECTIVITÉS TERRITORIALES,1216112,DIRECTION GENERALE DES SERVICES INTERNES,2,DEPENSES DE SERVICES ET CHARGES DIVERSES," 197,215,114.03 "," 196,919,117.63 "," 295,996.40 "
1216,MINISTERE DE L'INTERIEUR & DES COLLECTIVITÉS TERRITORIALES,1216112,DIRECTION GENERALE DES SERVICES INTERNES,3,ACHATS DE BIENS DE CONSOMMATION ET PETIT MATERIEL," 69,395,770.63 "," 69,390,301.87 "," 5,468.76 "
1216,MINISTERE DE L'INTERIEUR & DES COLLECTIVITÉS TERRITORIALES,1216112,DIRECTION GENERALE DES SERVICES INTERNES,4,IMMOBILISATION CORPORELLE," 34,878,487.10 "," 11,296,422.70 "," 23,582,064.40 "
1216,MINISTERE DE L'INTERIEUR & DES COLLECTIVITÉS TERRITORIALES,1216112,DIRECTION GENERALE DES SERVICES INTERNES,5,IMMOBILISATION INCORPORELLE, 45.00 , -   , 45.00 
1216,MINISTERE DE L'INTERIEUR & DES COLLECTIVITÉS TERRITORIALES,1216112,DIRECTION GENERALE DES SERVICES INTERNES,7,"SUBVENTIONS, QUOTES-PARTS ET CONTRIB., ALLOC ,INDEMNISATIONS", 92.00 , -   , 92.00 
1216,MINISTERE DE L'INTERIEUR & DES COLLECTIVITÉS TERRITORIALES,1216112,DIRECTION GENERALE DES SERVICES INTERNES,9,AUTRES DEPENSES PUBLIQUES," 157,650,050.00 "," 157,619,374.94 "," 30,675.06 "
1216,MINISTERE DE L'INTERIEUR & DES COLLECTIVITÉS TERRITORIALES,1216115,ORGANISME DE SURVEILLANCE MORNE HOPITAL,1,DEPENSES DE PERSONNEL," 6,907,810.00 "," 6,462,880.00 "," 444,930.00 "
1216,MINISTERE DE L'INTERIEUR & DES COLLECTIVITÉS TERRITORIALES,1216115,ORGANISME DE SURVEILLANCE MORNE HOPITAL,2,DEPENSES DE SERVICES ET CHARGES DIVERSES," 1,187,004.00 "," 790,682.00 "," 396,322.00 "
1216,MINISTERE DE L'INTERIEUR & DES COLLECTIVITÉS TERRITORIALES,1216117,SERVICE METROPOLITAIN DE COLLECTE DE RESIDUS SOLIDES,1,DEPENSES DE PERSONNEL," 203,537,398.80 "," 203,277,513.10 "," 259,885.70 "
1216,MINISTERE DE L'INTERIEUR & DES COLLECTIVITÉS TERRITORIALES,1216117,SERVICE METROPOLITAIN DE COLLECTE DE RESIDUS SOLIDES,2,DEPENSES DE SERVICES ET CHARGES DIVERSES," 222,305,396.00 "," 218,250,374.57 "," 4,055,021.43 "
1216 Total,,,,,," 1,507,502,483.13 "," 1,472,640,129.51 "," 34,862,353.62 "
1217,MINISTERE DE LA DEFENSE NATIONALE,1217111,BUREAU DU MINISTRE,1,DEPENSES DE PERSONNEL," 50,317,760.32 "," 50,317,732.33 ", 27.99 
1217,MINISTERE DE LA DEFENSE NATIONALE,1217111,BUREAU DU MINISTRE,2,DEPENSES DE SERVICES ET CHARGES DIVERSES," 21,492,965.68 "," 21,492,923.17 ", 42.51 
1217,MINISTERE DE LA DEFENSE NATIONALE,1217111,BUREAU DU MINISTRE,3,ACHATS DE BIENS DE CONSOMMATION ET PETIT MATERIEL," 279,161.94 "," 278,769.48 ", 392.46 
1217,MINISTERE DE LA DEFENSE NATIONALE,1217111,BUREAU DU MINISTRE,4,IMMOBILISATION CORPORELLE, -   , -   , -   
1217,MINISTERE DE LA DEFENSE NATIONALE,1217111,BUREAU DU MINISTRE,7,"SUBVENTIONS, QUOTES-PARTS ET CONTRIB., ALLOC ,INDEMNISATIONS"," 22,999,870.00 "," 22,999,862.84 ", 7.16 
1217,MINISTERE DE LA DEFENSE NATIONALE,1217111,BUREAU DU MINISTRE,9,AUTRES DEPENSES PUBLIQUES," 48,500,005.99 "," 48,500,000.00 ", 5.99 
1217,MINISTERE DE LA DEFENSE NATIONALE,1217112,DIRECTION GENERALE,1,DEPENSES DE PERSONNEL," 124,805,829.68 "," 124,805,785.73 ", 43.95 
1217,MINISTERE DE LA DEFENSE NATIONALE,1217112,DIRECTION GENERALE,2,DEPENSES DE SERVICES ET CHARGES DIVERSES," 16,113,992.74 "," 16,113,969.08 ", 23.66 
1217,MINISTERE DE LA DEFENSE NATIONALE,1217112,DIRECTION GENERALE,3,ACHATS DE BIENS DE CONSOMMATION ET PETIT MATERIEL," 34,196,068.92 "," 34,196,047.63 ", 21.29 
1217,MINISTERE DE LA DEFENSE NATIONALE,1217112,DIRECTION GENERALE,4,IMMOBILISATION CORPORELLE," 20,171,364.26 "," 20,171,202.45 ", 161.81 
1217,MINISTERE DE LA DEFENSE NATIONALE,1217112,DIRECTION GENERALE,5,IMMOBILISATION INCORPORELLE," 614,212.77 "," 614,212.50 ", 0.27 
1217,MINISTERE DE LA DEFENSE NATIONALE,1217112,DIRECTION GENERALE,7,"SUBVENTIONS, QUOTES-PARTS ET CONTRIB., ALLOC ,INDEMNISATIONS", 2.00 , -   , 2.00 
1217,MINISTERE DE LA DEFENSE NATIONALE,1217112,DIRECTION GENERALE,9,AUTRES DEPENSES PUBLIQUES," 64,064,264.13 "," 64,064,262.37 ", 1.76 
1217 Total,,,,,," 403,555,498.43 "," 403,554,767.58 ", 730.85 
1311,MINISTERE DE L'EDUCATION NATIONALE ET DE L A FORM. PROFESS.,1311111,BUREAU DU MINISTRE,1,DEPENSES DE PERSONNEL," 118,921,146.01 "," 118,861,001.85 "," 60,144.16 "
1311,MINISTERE DE L'EDUCATION NATIONALE ET DE L A FORM. PROFESS.,1311111,BUREAU DU MINISTRE,2,DEPENSES DE SERVICES ET CHARGES DIVERSES," 16,655,686.99 "," 16,466,475.28 "," 189,211.71 "
1311,MINISTERE DE L'EDUCATION NATIONALE ET DE L A FORM. PROFESS.,1311111,BUREAU DU MINISTRE,3,ACHATS DE BIENS DE CONSOMMATION ET PETIT MATERIEL," 8,537,749.98 "," 8,528,115.66 "," 9,634.32 "
1311,MINISTERE DE L'EDUCATION NATIONALE ET DE L A FORM. PROFESS.,1311111,BUREAU DU MINISTRE,4,IMMOBILISATION CORPORELLE," 220,016.00 "," 220,022.00 ", (6.00)
1311,MINISTERE DE L'EDUCATION NATIONALE ET DE L A FORM. PROFESS.,1311111,BUREAU DU MINISTRE,7,"SUBVENTIONS, QUOTES-PARTS ET CONTRIB., ALLOC ,INDEMNISATIONS"," 88,178,832.00 "," 67,766,289.50 "," 20,412,542.50 "
1311,MINISTERE DE L'EDUCATION NATIONALE ET DE L A FORM. PROFESS.,1311111,BUREAU DU MINISTRE,9,AUTRES DEPENSES PUBLIQUES," 18,696,887.00 "," 18,696,885.60 ", 1.40 
1311,MINISTERE DE L'EDUCATION NATIONALE ET DE L A FORM. PROFESS.,1311112,DIRECTION GENERALE DES SERVICES INTERNES,1,DEPENSES DE PERSONNEL," 8,335,750,868.89 "," 8,332,268,784.21 "," 3,482,084.68 "
1311,MINISTERE DE L'EDUCATION NATIONALE ET DE L A FORM. PROFESS.,1311112,DIRECTION GENERALE DES SERVICES INTERNES,2,DEPENSES DE SERVICES ET CHARGES DIVERSES," 1,146,220,159.05 "," 1,139,181,849.04 "," 7,038,310.01 "
1311,MINISTERE DE L'EDUCATION NATIONALE ET DE L A FORM. PROFESS.,1311112,DIRECTION GENERALE DES SERVICES INTERNES,3,ACHATS DE BIENS DE CONSOMMATION ET PETIT MATERIEL," 244,840,252.56 "," 241,824,468.75 "," 3,015,783.81 "
1311,MINISTERE DE L'EDUCATION NATIONALE ET DE L A FORM. PROFESS.,1311112,DIRECTION GENERALE DES SERVICES INTERNES,4,IMMOBILISATION CORPORELLE," 63,878,748.04 "," 63,182,836.35 "," 695,911.69 "
1311,MINISTERE DE L'EDUCATION NATIONALE ET DE L A FORM. PROFESS.,1311112,DIRECTION GENERALE DES SERVICES INTERNES,5,IMMOBILISATION INCORPORELLE," 627,068.10 "," 627,048.00 ", 20.10 
1311,MINISTERE DE L'EDUCATION NATIONALE ET DE L A FORM. PROFESS.,1311112,DIRECTION GENERALE DES SERVICES INTERNES,7,"SUBVENTIONS, QUOTES-PARTS ET CONTRIB., ALLOC ,INDEMNISATIONS"," 265,354,973.00 "," 189,147,509.41 "," 76,207,463.59 "
1311,MINISTERE DE L'EDUCATION NATIONALE ET DE L A FORM. PROFESS.,1311112,DIRECTION GENERALE DES SERVICES INTERNES,9,AUTRES DEPENSES PUBLIQUES," 463,112,718.99 "," 463,062,708.01 "," 50,010.98 "
1311,MINISTERE DE L'EDUCATION NATIONALE ET DE L A FORM. PROFESS.,1311115,COMMISSION NATIONALE DE COOPERATION AVEC L'UNESCO,1,DEPENSES DE PERSONNEL," 15,494,748.00 "," 15,345,336.58 "," 149,411.42 "
1311,MINISTERE DE L'EDUCATION NATIONALE ET DE L A FORM. PROFESS.,1311115,COMMISSION NATIONALE DE COOPERATION AVEC L'UNESCO,2,DEPENSES DE SERVICES ET CHARGES DIVERSES," 3,324,000.00 "," 3,323,969.67 ", 30.33 
1311,MINISTERE DE L'EDUCATION NATIONALE ET DE L A FORM. PROFESS.,1311117,INSTITUT NATIONAL DE FORMATION PROFESSIONNELLE,1,DEPENSES DE PERSONNEL," 262,067,928.91 "," 259,961,505.22 "," 2,106,423.69 "
1311,MINISTERE DE L'EDUCATION NATIONALE ET DE L A FORM. PROFESS.,1311117,INSTITUT NATIONAL DE FORMATION PROFESSIONNELLE,2,DEPENSES DE SERVICES ET CHARGES DIVERSES," 53,822,000.00 "," 50,771,003.80 "," 3,050,996.20 "
1311,MINISTERE DE L'EDUCATION NATIONALE ET DE L A FORM. PROFESS.,1311118,OFFICE NATIONAL DE PARTENARIAT,1,DEPENSES DE PERSONNEL," 14,999,952.00 "," 14,969,233.20 "," 30,718.80 "
1311,MINISTERE DE L'EDUCATION NATIONALE ET DE L A FORM. PROFESS.,1311118,OFFICE NATIONAL DE PARTENARIAT,2,DEPENSES DE SERVICES ET CHARGES DIVERSES," 50,009,668.00 "," 50,008,727.67 ", 940.33 
1311 Total,,,,,," 11,170,713,403.52 "," 11,054,213,769.80 "," 116,499,633.72 "
1312,MINISTERE DES AFFAIRES SOCIALES,1312111,BUREAU DU MINISTRE,1,DEPENSES DE PERSONNEL," 96,376,635.45 "," 96,376,617.78 ", 17.67 
1312,MINISTERE DES AFFAIRES SOCIALES,1312111,BUREAU DU MINISTRE,2,DEPENSES DE SERVICES ET CHARGES DIVERSES," 3,547,828.98 "," 3,547,814.67 ", 14.31 
1312,MINISTERE DES AFFAIRES SOCIALES,1312111,BUREAU DU MINISTRE,3,ACHATS DE BIENS DE CONSOMMATION ET PETIT MATERIEL," 4,374,335.99 "," 4,374,130.00 ", 205.99 
1312,MINISTERE DES AFFAIRES SOCIALES,1312111,BUREAU DU MINISTRE,7,"SUBVENTIONS, QUOTES-PARTS ET CONTRIB., ALLOC ,INDEMNISATIONS"," 999,994.00 "," 999,980.00 ", 14.00 
1312,MINISTERE DES AFFAIRES SOCIALES,1312111,BUREAU DU MINISTRE,9,AUTRES DEPENSES PUBLIQUES," 3,431,538.00 "," 3,431,536.00 ", 2.00 
1312,MINISTERE DES AFFAIRES SOCIALES,1312112,DIRECTION GENERALE DES SERVICES INTERNES,1,DEPENSES DE PERSONNEL," 531,465,902.15 "," 531,495,964.11 "," (30,061.96)"
1312,MINISTERE DES AFFAIRES SOCIALES,1312112,DIRECTION GENERALE DES SERVICES INTERNES,2,DEPENSES DE SERVICES ET CHARGES DIVERSES," 38,086,332.95 "," 38,086,313.99 ", 18.96 
1312,MINISTERE DES AFFAIRES SOCIALES,1312112,DIRECTION GENERALE DES SERVICES INTERNES,3,ACHATS DE BIENS DE CONSOMMATION ET PETIT MATERIEL," 37,374,717.82 "," 37,373,918.91 ", 798.91 
1312,MINISTERE DES AFFAIRES SOCIALES,1312112,DIRECTION GENERALE DES SERVICES INTERNES,4,IMMOBILISATION CORPORELLE," 24,772,844.00 "," 24,765,633.45 "," 7,210.55 "
1312,MINISTERE DES AFFAIRES SOCIALES,1312112,DIRECTION GENERALE DES SERVICES INTERNES,7,"SUBVENTIONS, QUOTES-PARTS ET CONTRIB., ALLOC ,INDEMNISATIONS", -   , -   , -   
1312,MINISTERE DES AFFAIRES SOCIALES,1312112,DIRECTION GENERALE DES SERVICES INTERNES,9,AUTRES DEPENSES PUBLIQUES," 50,711,765.00 "," 50,711,748.45 ", 16.55 
1312,MINISTERE DES AFFAIRES SOCIALES,1312113,INSTITUT DU BIEN-ETRE SOCIAL ET DE RECHERCHES,1,DEPENSES DE PERSONNEL," 44,545,476.00 "," 44,545,459.88 ", 16.12 
1312,MINISTERE DES AFFAIRES SOCIALES,1312113,INSTITUT DU BIEN-ETRE SOCIAL ET DE RECHERCHES,2,DEPENSES DE SERVICES ET CHARGES DIVERSES," 11,316,439.00 "," 11,316,396.43 ", 42.57 
1312,MINISTERE DES AFFAIRES SOCIALES,1312114,ENTREPRISE PUBLIQUE DE PROMOTION DE LOGEMENTS SOCIAUX,1,DEPENSES DE PERSONNEL," 40,512,639.10 "," 40,300,503.93 "," 212,135.17 "
1312,MINISTERE DES AFFAIRES SOCIALES,1312114,ENTREPRISE PUBLIQUE DE PROMOTION DE LOGEMENTS SOCIAUX,2,DEPENSES DE SERVICES ET CHARGES DIVERSES," 12,791,106.00 "," 12,791,012.64 ", 93.36 
1312,MINISTERE DES AFFAIRES SOCIALES,1312115,OFFICE NATIONAL DE LA MIGRATION,1,DEPENSES DE PERSONNEL," 44,953,211.40 "," 44,896,819.95 "," 56,391.45 "
1312,MINISTERE DES AFFAIRES SOCIALES,1312115,OFFICE NATIONAL DE LA MIGRATION,2,DEPENSES DE SERVICES ET CHARGES DIVERSES," 21,535,812.00 "," 21,535,810.49 ", 1.51 
1312,MINISTERE DES AFFAIRES SOCIALES,1312117,BUREAU DU SECRETAIRE D'ETAT AUX HANDICAPES,1,DEPENSES DE PERSONNEL," 24,039,725.00 "," 24,004,944.17 "," 34,780.83 "
1312,MINISTERE DES AFFAIRES SOCIALES,1312117,BUREAU DU SECRETAIRE D'ETAT AUX HANDICAPES,9,AUTRES DEPENSES PUBLIQUES," 15,999,984.00 "," 15,857,589.33 "," 142,394.67 "
1312 Total,,,,,," 1,006,836,286.84 "," 1,006,412,194.18 "," 424,092.66 "
1313,MINISTERE DE LA SANTE PUBLIQUE ET DE LA POPULATION,1313111,BUREAU DU MINISTRE,1,DEPENSES DE PERSONNEL," 52,971,340.02 "," 52,886,931.98 "," 84,408.04 "
1313,MINISTERE DE LA SANTE PUBLIQUE ET DE LA POPULATION,1313111,BUREAU DU MINISTRE,2,DEPENSES DE SERVICES ET CHARGES DIVERSES," 1,211,512.01 "," 1,211,506.50 ", 5.51 
1313,MINISTERE DE LA SANTE PUBLIQUE ET DE LA POPULATION,1313111,BUREAU DU MINISTRE,3,ACHATS DE BIENS DE CONSOMMATION ET PETIT MATERIEL, 0.99 , -   , 0.99 
1313,MINISTERE DE LA SANTE PUBLIQUE ET DE LA POPULATION,1313111,BUREAU DU MINISTRE,7,"SUBVENTIONS, QUOTES-PARTS ET CONTRIB., ALLOC ,INDEMNISATIONS"," 2,180,294.00 "," 2,100,000.00 "," 80,294.00 "
1313,MINISTERE DE LA SANTE PUBLIQUE ET DE LA POPULATION,1313112,DIRECTION GENERALE DES SERVICES INTERNES,1,DEPENSES DE PERSONNEL," 3,549,043,037.78 "," 3,407,685,577.61 "," 141,357,460.17 "
1313,MINISTERE DE LA SANTE PUBLIQUE ET DE LA POPULATION,1313112,DIRECTION GENERALE DES SERVICES INTERNES,2,DEPENSES DE SERVICES ET CHARGES DIVERSES," 67,994,388.26 "," 67,986,141.36 "," 8,246.90 "
1313,MINISTERE DE LA SANTE PUBLIQUE ET DE LA POPULATION,1313112,DIRECTION GENERALE DES SERVICES INTERNES,3,ACHATS DE BIENS DE CONSOMMATION ET PETIT MATERIEL," 345,678,434.32 "," 334,160,084.66 "," 11,518,349.66 "
1313,MINISTERE DE LA SANTE PUBLIQUE ET DE LA POPULATION,1313112,DIRECTION GENERALE DES SERVICES INTERNES,4,IMMOBILISATION CORPORELLE," 67,718,382.40 "," 67,718,358.28 ", 24.12 
1313,MINISTERE DE LA SANTE PUBLIQUE ET DE LA POPULATION,1313112,DIRECTION GENERALE DES SERVICES INTERNES,7,"SUBVENTIONS, QUOTES-PARTS ET CONTRIB., ALLOC ,INDEMNISATIONS"," 1,465,000.00 "," 1,463,935.00 "," 1,065.00 "
1313,MINISTERE DE LA SANTE PUBLIQUE ET DE LA POPULATION,1313112,DIRECTION GENERALE DES SERVICES INTERNES,9,AUTRES DEPENSES PUBLIQUES," (2,487,449.30)"," 6,535,907.00 "," (9,023,356.30)"
1313,MINISTERE DE LA SANTE PUBLIQUE ET DE LA POPULATION,1313114,SUBVENTION AUX ORGANISMES PRIVES ET PUBLICS,7,"SUBVENTIONS, QUOTES-PARTS ET CONTRIB., ALLOC ,INDEMNISATIONS"," 1,099,991.98 "," 1,099,991.00 ", 0.98 
1313 Total,,,,,," 4,086,874,932.46 "," 3,942,848,433.39 "," 144,026,499.07 "
1314,MINISTERE A LA CONDITION FEMININE,1314111,BUREAU DU MINISTRE,1,DEPENSES DE PERSONNEL," 32,817,131.08 "," 32,777,015.33 "," 40,115.75 "
1314,MINISTERE A LA CONDITION FEMININE,1314111,BUREAU DU MINISTRE,2,DEPENSES DE SERVICES ET CHARGES DIVERSES," 19,808.00 "," 19,800.00 ", 8.00 
1314,MINISTERE A LA CONDITION FEMININE,1314111,BUREAU DU MINISTRE,3,ACHATS DE BIENS DE CONSOMMATION ET PETIT MATERIEL," 2,214,968.00 "," 2,214,820.00 ", 148.00 
1314,MINISTERE A LA CONDITION FEMININE,1314111,BUREAU DU MINISTRE,4,IMMOBILISATION CORPORELLE," 1,326,758.00 "," 1,321,749.00 "," 5,009.00 "
1314,MINISTERE A LA CONDITION FEMININE,1314111,BUREAU DU MINISTRE,7,"SUBVENTIONS, QUOTES-PARTS ET CONTRIB., ALLOC ,INDEMNISATIONS", -   , -   , -   
1314,MINISTERE A LA CONDITION FEMININE,1314111,BUREAU DU MINISTRE,9,AUTRES DEPENSES PUBLIQUES," 1,124,337.00 "," 1,124,337.50 ", (0.50)
1314,MINISTERE A LA CONDITION FEMININE,1314112,DIRECTION GENERALE DES SERVICES INTERNES,1,DEPENSES DE PERSONNEL," 82,577,087.22 "," 82,574,851.39 "," 2,235.83 "
1314,MINISTERE A LA CONDITION FEMININE,1314112,DIRECTION GENERALE DES SERVICES INTERNES,2,DEPENSES DE SERVICES ET CHARGES DIVERSES," 14,658,569.89 "," 14,655,972.41 "," 2,597.48 "
1314,MINISTERE A LA CONDITION FEMININE,1314112,DIRECTION GENERALE DES SERVICES INTERNES,3,ACHATS DE BIENS DE CONSOMMATION ET PETIT MATERIEL," 11,870,670.69 "," 11,869,211.84 "," 1,458.85 "
1314,MINISTERE A LA CONDITION FEMININE,1314112,DIRECTION GENERALE DES SERVICES INTERNES,4,IMMOBILISATION CORPORELLE," 2,379,346.00 "," 1,891,274.00 "," 488,072.00 "
1314,MINISTERE A LA CONDITION FEMININE,1314112,DIRECTION GENERALE DES SERVICES INTERNES,7,"SUBVENTIONS, QUOTES-PARTS ET CONTRIB., ALLOC ,INDEMNISATIONS", -   , -   , -   
1314,MINISTERE A LA CONDITION FEMININE,1314112,DIRECTION GENERALE DES SERVICES INTERNES,9,AUTRES DEPENSES PUBLIQUES," (487,462.00)", -   ," (487,462.00)"
1314 Total,,,,,," 148,501,213.88 "," 148,449,031.47 "," 52,182.41 "
1315,MINISTERE DE LA JEUNESSE DES SPORTS ET DE L'ACTION CIVIQUE,1315111,BUREAU DU MINISTRE,1,DEPENSES DE PERSONNEL," 145,995,897.78 "," 145,990,801.01 "," 5,096.77 "
1315,MINISTERE DE LA JEUNESSE DES SPORTS ET DE L'ACTION CIVIQUE,1315111,BUREAU DU MINISTRE,2,DEPENSES DE SERVICES ET CHARGES DIVERSES," 7,651,544.90 "," 7,649,978.20 "," 1,566.70 "
1315,MINISTERE DE LA JEUNESSE DES SPORTS ET DE L'ACTION CIVIQUE,1315111,BUREAU DU MINISTRE,3,ACHATS DE BIENS DE CONSOMMATION ET PETIT MATERIEL," 7,767,485.00 "," 7,766,833.74 ", 651.26 
1315,MINISTERE DE LA JEUNESSE DES SPORTS ET DE L'ACTION CIVIQUE,1315111,BUREAU DU MINISTRE,4,IMMOBILISATION CORPORELLE, 0.10 , -   , 0.10 
1315,MINISTERE DE LA JEUNESSE DES SPORTS ET DE L'ACTION CIVIQUE,1315111,BUREAU DU MINISTRE,5,IMMOBILISATION INCORPORELLE," 150,000.00 "," 143,035.20 "," 6,964.80 "
1315,MINISTERE DE LA JEUNESSE DES SPORTS ET DE L'ACTION CIVIQUE,1315111,BUREAU DU MINISTRE,7,"SUBVENTIONS, QUOTES-PARTS ET CONTRIB., ALLOC ,INDEMNISATIONS"," 1,299,978.00 "," 1,299,500.00 ", 478.00 
1315,MINISTERE DE LA JEUNESSE DES SPORTS ET DE L'ACTION CIVIQUE,1315111,BUREAU DU MINISTRE,9,AUTRES DEPENSES PUBLIQUES," 292,500.00 "," 287,500.00 "," 5,000.00 "
1315,MINISTERE DE LA JEUNESSE DES SPORTS ET DE L'ACTION CIVIQUE,1315112,DIRECTION GENERALE DES SERVICES INTERNES,1,DEPENSES DE PERSONNEL," 176,460,386.69 "," 176,443,364.94 "," 17,021.75 "
1315,MINISTERE DE LA JEUNESSE DES SPORTS ET DE L'ACTION CIVIQUE,1315112,DIRECTION GENERALE DES SERVICES INTERNES,2,DEPENSES DE SERVICES ET CHARGES DIVERSES," 24,610,316.42 "," 24,610,294.05 ", 22.37 
1315,MINISTERE DE LA JEUNESSE DES SPORTS ET DE L'ACTION CIVIQUE,1315112,DIRECTION GENERALE DES SERVICES INTERNES,3,ACHATS DE BIENS DE CONSOMMATION ET PETIT MATERIEL," 117,125,454.02 "," 117,125,374.11 ", 79.91 
1315,MINISTERE DE LA JEUNESSE DES SPORTS ET DE L'ACTION CIVIQUE,1315112,DIRECTION GENERALE DES SERVICES INTERNES,4,IMMOBILISATION CORPORELLE," 15,601,493.00 "," 15,599,948.70 "," 1,544.30 "
1315,MINISTERE DE LA JEUNESSE DES SPORTS ET DE L'ACTION CIVIQUE,1315112,DIRECTION GENERALE DES SERVICES INTERNES,7,"SUBVENTIONS, QUOTES-PARTS ET CONTRIB., ALLOC ,INDEMNISATIONS", 6.00 , -   , 6.00 
1315,MINISTERE DE LA JEUNESSE DES SPORTS ET DE L'ACTION CIVIQUE,1315112,DIRECTION GENERALE DES SERVICES INTERNES,9,AUTRES DEPENSES PUBLIQUES," 81,265,802.99 "," 81,265,800.00 ", 2.99 
1315 Total,,,,,," 578,220,864.90 "," 578,182,429.95 "," 38,434.95 "
1411,MINISTERE DES CULTES,1411112,DIRECTION GENERALE DES SERVICES INTERNES,1,DEPENSES DE PERSONNEL," 93,418,692.00 "," 92,668,761.07 "," 749,930.93 "
1411,MINISTERE DES CULTES,1411112,DIRECTION GENERALE DES SERVICES INTERNES,2,DEPENSES DE SERVICES ET CHARGES DIVERSES," 6,140,778.66 "," 6,107,939.45 "," 32,839.21 "
1411,MINISTERE DES CULTES,1411112,DIRECTION GENERALE DES SERVICES INTERNES,3,ACHATS DE BIENS DE CONSOMMATION ET PETIT MATERIEL," 7,248,999.77 "," 7,240,821.94 "," 8,177.83 "
1411,MINISTERE DES CULTES,1411112,DIRECTION GENERALE DES SERVICES INTERNES,4,IMMOBILISATION CORPORELLE," 3,405,960.20 "," 3,405,704.01 ", 256.19 
1411,MINISTERE DES CULTES,1411112,DIRECTION GENERALE DES SERVICES INTERNES,7,"SUBVENTIONS, QUOTES-PARTS ET CONTRIB., ALLOC ,INDEMNISATIONS"," 63,992,760.00 "," 63,992,750.00 ", 10.00 
1411,MINISTERE DES CULTES,1411112,DIRECTION GENERALE DES SERVICES INTERNES,9,AUTRES DEPENSES PUBLIQUES," 5,944,737.00 "," 5,944,508.66 ", 228.34 
1411 Total,,,,,," 180,151,927.63 "," 179,360,485.13 "," 791,442.50 "
1412,MINISTERE DE LA CULTURE,1412111,BUREAU DU MINISTRE,1,DEPENSES DE PERSONNEL," 61,996,373.36 "," 61,996,338.33 ", 35.03 
1412,MINISTERE DE LA CULTURE,1412111,BUREAU DU MINISTRE,2,DEPENSES DE SERVICES ET CHARGES DIVERSES," 21,679,572.55 "," 21,679,514.12 ", 58.43 
1412,MINISTERE DE LA CULTURE,1412111,BUREAU DU MINISTRE,3,ACHATS DE BIENS DE CONSOMMATION ET PETIT MATERIEL," 12,503,109.01 "," 12,503,087.12 ", 21.89 
1412,MINISTERE DE LA CULTURE,1412111,BUREAU DU MINISTRE,4,IMMOBILISATION CORPORELLE," 2,919,513.91 "," 2,919,493.55 ", 20.36 
1412,MINISTERE DE LA CULTURE,1412111,BUREAU DU MINISTRE,7,"SUBVENTIONS, QUOTES-PARTS ET CONTRIB., ALLOC ,INDEMNISATIONS"," 18,942,736.00 "," 18,942,025.00 ", 711.00 
1412,MINISTERE DE LA CULTURE,1412111,BUREAU DU MINISTRE,9,AUTRES DEPENSES PUBLIQUES," 39,674,902.50 "," 39,674,895.00 ", 7.50 
1412,MINISTERE DE LA CULTURE,1412112,DIRECTION GENERALE DES SERVICES INTERNES,1,DEPENSES DE PERSONNEL," 67,250,122.76 "," 67,233,765.95 "," 16,356.81 "
1412,MINISTERE DE LA CULTURE,1412112,DIRECTION GENERALE DES SERVICES INTERNES,2,DEPENSES DE SERVICES ET CHARGES DIVERSES," 11,029,873.24 "," 11,029,828.05 ", 45.19 
1412,MINISTERE DE LA CULTURE,1412112,DIRECTION GENERALE DES SERVICES INTERNES,3,ACHATS DE BIENS DE CONSOMMATION ET PETIT MATERIEL," 15,049,038.49 "," 15,049,008.81 ", 29.68 
1412,MINISTERE DE LA CULTURE,1412112,DIRECTION GENERALE DES SERVICES INTERNES,4,IMMOBILISATION CORPORELLE," 11,346,978.91 "," 11,229,827.11 "," 117,151.80 "
1412,MINISTERE DE LA CULTURE,1412112,DIRECTION GENERALE DES SERVICES INTERNES,7,"SUBVENTIONS, QUOTES-PARTS ET CONTRIB., ALLOC ,INDEMNISATIONS", 0.70 , -   , 0.70 
1412,MINISTERE DE LA CULTURE,1412112,DIRECTION GENERALE DES SERVICES INTERNES,9,AUTRES DEPENSES PUBLIQUES," 123,289,313.49 "," 123,289,311.49 ", 2.00 
1412,MINISTERE DE LA CULTURE,1412113,ECOLE NATIONALE DES ARTS,1,DEPENSES DE PERSONNEL," 37,424,985.70 "," 37,202,114.96 "," 222,870.74 "
1412,MINISTERE DE LA CULTURE,1412113,ECOLE NATIONALE DES ARTS,2,DEPENSES DE SERVICES ET CHARGES DIVERSES," 14,139,686.60 "," 14,133,043.38 "," 6,643.22 "
1412,MINISTERE DE LA CULTURE,1412114,INSTITUT DE SAUVEGARDE DU PATRIMOINE NATIONAL,1,DEPENSES DE PERSONNEL," 37,558,675.03 "," 37,555,012.56 "," 3,662.47 "
1412,MINISTERE DE LA CULTURE,1412114,INSTITUT DE SAUVEGARDE DU PATRIMOINE NATIONAL,2,DEPENSES DE SERVICES ET CHARGES DIVERSES," 30,772,238.23 "," 30,772,129.43 ", 108.80 
1412,MINISTERE DE LA CULTURE,1412115,THEATRE NATIONAL,1,DEPENSES DE PERSONNEL," 40,368,796.00 "," 40,368,786.56 ", 9.44 
1412,MINISTERE DE LA CULTURE,1412115,THEATRE NATIONAL,2,DEPENSES DE SERVICES ET CHARGES DIVERSES," 10,076,670.40 "," 10,038,764.35 "," 37,906.05 "
1412,MINISTERE DE LA CULTURE,1412116,MUSEE DU PANTHEON NATIONAL,1,DEPENSES DE PERSONNEL," 22,195,868.64 "," 22,002,000.38 "," 193,868.26 "
1412,MINISTERE DE LA CULTURE,1412116,MUSEE DU PANTHEON NATIONAL,2,DEPENSES DE SERVICES ET CHARGES DIVERSES," 21,755,455.90 "," 21,755,257.07 ", 198.83 
1412,MINISTERE DE LA CULTURE,1412117,BUREAU NATIONAL D'ETHONOLOGIE,1,DEPENSES DE PERSONNEL," 18,578,789.00 "," 18,443,390.16 "," 135,398.84 "
1412,MINISTERE DE LA CULTURE,1412117,BUREAU NATIONAL D'ETHONOLOGIE,2,DEPENSES DE SERVICES ET CHARGES DIVERSES," 8,500,000.00 "," 8,499,926.06 ", 73.94 
1412,MINISTERE DE LA CULTURE,1412118,BIBLIOTHEQUE NATIONALE D'HAITI,1,DEPENSES DE PERSONNEL," 35,558,335.20 "," 35,558,216.61 ", 118.59 
1412,MINISTERE DE LA CULTURE,1412118,BIBLIOTHEQUE NATIONALE D'HAITI,2,DEPENSES DE SERVICES ET CHARGES DIVERSES," 17,300,217.00 "," 17,136,341.47 "," 163,875.53 "
1412,MINISTERE DE LA CULTURE,1412119,ARCHIVES NATIONALES,1,DEPENSES DE PERSONNEL," 127,551,614.00 "," 126,731,854.98 "," 819,759.02 "
1412,MINISTERE DE LA CULTURE,1412119,ARCHIVES NATIONALES,2,DEPENSES DE SERVICES ET CHARGES DIVERSES," 17,232,989.00 "," 17,230,850.35 "," 2,138.65 "
1412,MINISTERE DE LA CULTURE,1412123,ACTIVITES CULTURELLES,2,DEPENSES DE SERVICES ET CHARGES DIVERSES," 238,262,987.90 "," 238,065,589.15 "," 197,398.75 "
1412,MINISTERE DE LA CULTURE,1412124,DIRECTION NATIONALE DU LIVRE,1,DEPENSES DE PERSONNEL," 25,012,527.68 "," 25,006,174.13 "," 6,353.55 "
1412,MINISTERE DE LA CULTURE,1412124,DIRECTION NATIONALE DU LIVRE,2,DEPENSES DE SERVICES ET CHARGES DIVERSES," 30,451,318.00 "," 30,448,740.82 "," 2,577.18 "
1412,MINISTERE DE LA CULTURE,1412125,BUREAU HAITIEN DU DROIT D'AUTEUR,1,DEPENSES DE PERSONNEL," 21,083,044.98 "," 21,075,319.92 "," 7,725.06 "
1412,MINISTERE DE LA CULTURE,1412125,BUREAU HAITIEN DU DROIT D'AUTEUR,2,DEPENSES DE SERVICES ET CHARGES DIVERSES," 23,951,535.10 "," 23,950,616.75 ", 918.35 
1412 Total,,,,,," 1,163,457,269.28 "," 1,161,521,223.62 "," 1,936,045.66 "
1413,MINISTERE DE LA COMMUNICATION,1413111,BUREAU DU MINISTRE,1,DEPENSES DE PERSONNEL," 6,537,021.67 "," 6,537,000.00 ", 21.67 
1413,MINISTERE DE LA COMMUNICATION,1413111,BUREAU DU MINISTRE,2,DEPENSES DE SERVICES ET CHARGES DIVERSES," 7,650,076.96 "," 7,650,038.97 ", 37.99 
1413,MINISTERE DE LA COMMUNICATION,1413111,BUREAU DU MINISTRE,3,ACHATS DE BIENS DE CONSOMMATION ET PETIT MATERIEL," 7,478,768.22 "," 7,478,760.00 ", 8.22 
1413,MINISTERE DE LA COMMUNICATION,1413111,BUREAU DU MINISTRE,4,IMMOBILISATION CORPORELLE, 1.40 , -   , 1.40 
1413,MINISTERE DE LA COMMUNICATION,1413111,BUREAU DU MINISTRE,5,IMMOBILISATION INCORPORELLE," 1,194,954.46 "," 1,194,950.00 ", 4.46 
1413,MINISTERE DE LA COMMUNICATION,1413111,BUREAU DU MINISTRE,7,"SUBVENTIONS, QUOTES-PARTS ET CONTRIB., ALLOC ,INDEMNISATIONS", -   , -   , -   
1413,MINISTERE DE LA COMMUNICATION,1413111,BUREAU DU MINISTRE,9,AUTRES DEPENSES PUBLIQUES," 786,360.00 "," 786,360.00 ", -   
1413,MINISTERE DE LA COMMUNICATION,1413112,DIRECTION GENERALE,1,DEPENSES DE PERSONNEL," 50,576,787.80 "," 50,576,723.89 ", 63.91 
1413,MINISTERE DE LA COMMUNICATION,1413112,DIRECTION GENERALE,2,DEPENSES DE SERVICES ET CHARGES DIVERSES," 16,663,605.19 "," 16,663,582.27 ", 22.92 
1413,MINISTERE DE LA COMMUNICATION,1413112,DIRECTION GENERALE,3,ACHATS DE BIENS DE CONSOMMATION ET PETIT MATERIEL," 7,267,291.98 "," 7,267,151.63 ", 140.35 
1413,MINISTERE DE LA COMMUNICATION,1413112,DIRECTION GENERALE,4,IMMOBILISATION CORPORELLE," 6,150,950.72 "," 6,147,882.96 "," 3,067.76 "
1413,MINISTERE DE LA COMMUNICATION,1413112,DIRECTION GENERALE,5,IMMOBILISATION INCORPORELLE," 548,066.82 "," 548,065.10 ", 1.72 
1413,MINISTERE DE LA COMMUNICATION,1413112,DIRECTION GENERALE,9,AUTRES DEPENSES PUBLIQUES, 0.60 , -   , 0.60 
1413,MINISTERE DE LA COMMUNICATION,1413113,TELEVISION NATIONALE D'HAITI,1,DEPENSES DE PERSONNEL," 106,856,150.80 "," 106,731,114.25 "," 125,036.55 "
1413,MINISTERE DE LA COMMUNICATION,1413113,TELEVISION NATIONALE D'HAITI,2,DEPENSES DE SERVICES ET CHARGES DIVERSES," 26,972,285.00 "," 26,971,726.61 ", 558.39 
1413,MINISTERE DE LA COMMUNICATION,1413113,TELEVISION NATIONALE D'HAITI,3,ACHATS DE BIENS DE CONSOMMATION ET PETIT MATERIEL, -   , -   , -   
1413,MINISTERE DE LA COMMUNICATION,1413113,TELEVISION NATIONALE D'HAITI,9,AUTRES DEPENSES PUBLIQUES, -   , -   , -   
1413,MINISTERE DE LA COMMUNICATION,1413114,RADIO NATIONALE D'HAITI,1,DEPENSES DE PERSONNEL," 51,685,364.13 "," 51,683,894.32 "," 1,469.81 "
1413,MINISTERE DE LA COMMUNICATION,1413114,RADIO NATIONALE D'HAITI,2,DEPENSES DE SERVICES ET CHARGES DIVERSES," 16,513,552.50 "," 16,512,694.31 ", 858.19 
1413 Total,,,,,," 306,881,238.25 "," 306,749,944.31 "," 131,293.94 "
1511,INTERVENTIONS PUBLIQUES,1511111,SUBVENTION AUX FONDS DE PENSION,7,"SUBVENTIONS, QUOTES-PARTS ET CONTRIB., ALLOC ,INDEMNISATIONS"," 1,323,889,104.00 "," 1,227,750,505.86 "," 96,138,598.14 "
1511,INTERVENTIONS PUBLIQUES,1511113,AUTRES INSTITUTIONS,7,"SUBVENTIONS, QUOTES-PARTS ET CONTRIB., ALLOC ,INDEMNISATIONS"," 354,499,992.00 "," 118,237,782.11 "," 236,262,209.89 "
1511,INTERVENTIONS PUBLIQUES,1511149,AUTRES INTERVENTIONS PUBLIQUES,4,IMMOBILISATION CORPORELLE," 76,324,150.00 "," 50,510,130.70 "," 25,814,019.30 "
1511,INTERVENTIONS PUBLIQUES,1511149,AUTRES INTERVENTIONS PUBLIQUES,7,"SUBVENTIONS, QUOTES-PARTS ET CONTRIB., ALLOC ,INDEMNISATIONS"," 4,726,526,736.00 "," 4,629,478,851.84 "," 97,047,884.16 "
1511,INTERVENTIONS PUBLIQUES,1511149,AUTRES INTERVENTIONS PUBLIQUES,9,AUTRES DEPENSES PUBLIQUES," 4,666,501,318.00 "," 3,648,019,887.77 "," 1,018,481,430.23 "
1511 Total,,,,,," 11,147,741,300.00 "," 9,673,997,158.28 "," 1,473,744,141.72 "
1512,DETTE PUBLIQUE,1512111,INSTITUTIONS FINANCIERES CREATRICES DE MONNAIE,2,DEPENSES DE SERVICES ET CHARGES DIVERSES, -   , -   , -   
1512,DETTE PUBLIQUE,1512112,AUTRES INSTITUTIONS FINANCIERES,2,DEPENSES DE SERVICES ET CHARGES DIVERSES," 318,621,574.18 "," 318,621,572.17 ", 2.01 
1512,DETTE PUBLIQUE,1512112,AUTRES INSTITUTIONS FINANCIERES,8,AMORTISSEMENT DE LA DETTE," 1,713,213,651.06 "," 1,713,213,646.06 ", 5.00 
1512,DETTE PUBLIQUE,1512113,AUTRES CREANCIERS INTERNES,2,DEPENSES DE SERVICES ET CHARGES DIVERSES," 9,041,666.67 "," 9,041,666.67 ", -   
1512,DETTE PUBLIQUE,1512113,AUTRES CREANCIERS INTERNES,8,AMORTISSEMENT DE LA DETTE," 2,366,132,189.43 "," 2,286,674,630.88 "," 79,457,558.55 "
1512,DETTE PUBLIQUE,1512211,DETTE MULTILATERALE,2,DEPENSES DE SERVICES ET CHARGES DIVERSES," 54,036,938.39 "," 54,036,936.90 ", 1.49 
1512,DETTE PUBLIQUE,1512211,DETTE MULTILATERALE,8,AMORTISSEMENT DE LA DETTE," 107,501,277.21 "," 107,501,275.22 ", 1.99 
1512,DETTE PUBLIQUE,1512212,DETTE BILATERALE,2,DEPENSES DE SERVICES ET CHARGES DIVERSES," 1,213,694,361.23 "," 1,213,694,360.21 ", 1.02 
1512,DETTE PUBLIQUE,1512212,DETTE BILATERALE,8,AMORTISSEMENT DE LA DETTE," 4,569,607,234.73 "," 4,569,607,233.33 ", 1.40 
1512 Total,,,,,," 10,351,848,892.90 "," 10,272,391,321.44 "," 79,457,571.46 "
2211,SENAT DE LA REPUBLIQUE,2211111,SENAT DE LA REPUBLIQUE,1,DEPENSES DE PERSONNEL," 847,062,150.03 "," 845,609,842.96 "," 1,452,307.07 "
2211,SENAT DE LA REPUBLIQUE,2211111,SENAT DE LA REPUBLIQUE,2,DEPENSES DE SERVICES ET CHARGES DIVERSES," 220,624,007.97 "," 220,579,476.94 "," 44,531.03 "
2211,SENAT DE LA REPUBLIQUE,2211111,SENAT DE LA REPUBLIQUE,3,ACHATS DE BIENS DE CONSOMMATION ET PETIT MATERIEL," 95,094,087.00 "," 95,094,070.99 ", 16.01 
2211,SENAT DE LA REPUBLIQUE,2211111,SENAT DE LA REPUBLIQUE,4,IMMOBILISATION CORPORELLE," 104,959,359.56 "," 104,959,337.50 ", 22.06 
2211,SENAT DE LA REPUBLIQUE,2211111,SENAT DE LA REPUBLIQUE,5,IMMOBILISATION INCORPORELLE," 291,185.54 "," 291,185.54 ", -   
2211,SENAT DE LA REPUBLIQUE,2211111,SENAT DE LA REPUBLIQUE,7,"SUBVENTIONS, QUOTES-PARTS ET CONTRIB., ALLOC ,INDEMNISATIONS"," 185,262,132.00 "," 184,261,161.86 "," 1,000,970.14 "
2211,SENAT DE LA REPUBLIQUE,2211111,SENAT DE LA REPUBLIQUE,9,AUTRES DEPENSES PUBLIQUES," 21,135,101.00 "," 21,131,015.00 "," 4,086.00 "
2211 Total,,,,,," 1,474,428,023.10 "," 1,471,926,090.79 "," 2,501,932.31 "
2212,CHAMBRE DES DEPUTES,2212111,CHAMBRE DES DEPUTES,1,DEPENSES DE PERSONNEL," 723,549,190.00 "," 723,309,169.19 "," 240,020.81 "
2212,CHAMBRE DES DEPUTES,2212111,CHAMBRE DES DEPUTES,2,DEPENSES DE SERVICES ET CHARGES DIVERSES," 83,260,642.01 "," 83,260,054.95 ", 587.06 
2212,CHAMBRE DES DEPUTES,2212111,CHAMBRE DES DEPUTES,3,ACHATS DE BIENS DE CONSOMMATION ET PETIT MATERIEL," 68,223,083.01 "," 68,223,002.74 ", 80.27 
2212,CHAMBRE DES DEPUTES,2212111,CHAMBRE DES DEPUTES,4,IMMOBILISATION CORPORELLE," 3,330,202.02 "," 3,330,202.00 ", 0.02 
2212,CHAMBRE DES DEPUTES,2212111,CHAMBRE DES DEPUTES,7,"SUBVENTIONS, QUOTES-PARTS ET CONTRIB., ALLOC ,INDEMNISATIONS", -   , -   , -   
2212,CHAMBRE DES DEPUTES,2212111,CHAMBRE DES DEPUTES,9,AUTRES DEPENSES PUBLIQUES, -   , -   , -   
2212,CHAMBRE DES DEPUTES,2212112,QUESTURE DE LA CHAMBRE DES DEPUTES,1,DEPENSES DE PERSONNEL," 107,346,896.00 "," 107,346,880.50 ", 15.50 
2212,CHAMBRE DES DEPUTES,2212112,QUESTURE DE LA CHAMBRE DES DEPUTES,2,DEPENSES DE SERVICES ET CHARGES DIVERSES," 57,278,646.00 "," 57,278,644.60 ", 1.40 
2212,CHAMBRE DES DEPUTES,2212112,QUESTURE DE LA CHAMBRE DES DEPUTES,4,IMMOBILISATION CORPORELLE, -   , -   , -   
2212,CHAMBRE DES DEPUTES,2212112,QUESTURE DE LA CHAMBRE DES DEPUTES,7,"SUBVENTIONS, QUOTES-PARTS ET CONTRIB., ALLOC ,INDEMNISATIONS", 2.00 , -   , 2.00 
2212,CHAMBRE DES DEPUTES,2212112,QUESTURE DE LA CHAMBRE DES DEPUTES,9,AUTRES DEPENSES PUBLIQUES, 1.00 , -   , 1.00 
2212,CHAMBRE DES DEPUTES,2212211,CHAMBRE DES DEPUTES,1,DEPENSES DE PERSONNEL," 862,449,207.40 "," 862,178,203.83 "," 271,003.57 "
2212,CHAMBRE DES DEPUTES,2212211,CHAMBRE DES DEPUTES,2,DEPENSES DE SERVICES ET CHARGES DIVERSES," 181,880,335.09 "," 181,880,303.39 ", 31.70 
2212,CHAMBRE DES DEPUTES,2212211,CHAMBRE DES DEPUTES,3,ACHATS DE BIENS DE CONSOMMATION ET PETIT MATERIEL," 202,871,706.99 "," 202,871,691.88 ", 15.11 
2212,CHAMBRE DES DEPUTES,2212211,CHAMBRE DES DEPUTES,4,IMMOBILISATION CORPORELLE," 27,724,630.98 "," 27,724,596.48 ", 34.50 
2212,CHAMBRE DES DEPUTES,2212211,CHAMBRE DES DEPUTES,5,IMMOBILISATION INCORPORELLE," 2,625,613.00 "," 2,625,609.53 ", 3.47 
2212,CHAMBRE DES DEPUTES,2212211,CHAMBRE DES DEPUTES,7,"SUBVENTIONS, QUOTES-PARTS ET CONTRIB., ALLOC ,INDEMNISATIONS"," 93,659,980.90 "," 93,659,900.00 ", 80.90 
2212,CHAMBRE DES DEPUTES,2212211,CHAMBRE DES DEPUTES,9,AUTRES DEPENSES PUBLIQUES," 8,446,408.00 "," 8,446,400.00 ", 8.00 
2212 Total,,,,,," 2,422,646,544.40 "," 2,422,134,659.09 "," 511,885.31 "
3211,CONSEIL SUPERIEUR DU POUVOIR JUDICIAIRE,3211111,ADMINISTRATION GENERALE,1,DEPENSES DE PERSONNEL," 144,799,323.03 "," 144,788,260.94 "," 11,062.09 "
3211,CONSEIL SUPERIEUR DU POUVOIR JUDICIAIRE,3211111,ADMINISTRATION GENERALE,2,DEPENSES DE SERVICES ET CHARGES DIVERSES," 16,697,409.98 "," 16,695,747.02 "," 1,662.96 "
3211,CONSEIL SUPERIEUR DU POUVOIR JUDICIAIRE,3211111,ADMINISTRATION GENERALE,3,ACHATS DE BIENS DE CONSOMMATION ET PETIT MATERIEL," 16,523,664.99 "," 16,523,656.78 ", 8.21 
3211,CONSEIL SUPERIEUR DU POUVOIR JUDICIAIRE,3211111,ADMINISTRATION GENERALE,4,IMMOBILISATION CORPORELLE," 4,906,196.01 "," 4,906,184.22 ", 11.79 
3211,CONSEIL SUPERIEUR DU POUVOIR JUDICIAIRE,3211111,ADMINISTRATION GENERALE,7,"SUBVENTIONS, QUOTES-PARTS ET CONTRIB., ALLOC ,INDEMNISATIONS"," 499,988.10 "," 499,979.00 ", 9.10 
3211,CONSEIL SUPERIEUR DU POUVOIR JUDICIAIRE,3211111,ADMINISTRATION GENERALE,9,AUTRES DEPENSES PUBLIQUES," 7,580,147.30 "," 7,579,151.13 ", 996.17 
3211,CONSEIL SUPERIEUR DU POUVOIR JUDICIAIRE,3211212,COUR DE CASSATION,1,DEPENSES DE PERSONNEL," 74,776,400.01 "," 74,725,334.72 "," 51,065.29 "
3211,CONSEIL SUPERIEUR DU POUVOIR JUDICIAIRE,3211212,COUR DE CASSATION,2,DEPENSES DE SERVICES ET CHARGES DIVERSES," 16,492,524.94 "," 15,805,330.35 "," 687,194.59 "
3211,CONSEIL SUPERIEUR DU POUVOIR JUDICIAIRE,3211212,COUR DE CASSATION,3,ACHATS DE BIENS DE CONSOMMATION ET PETIT MATERIEL," 11,798,074.00 "," 11,663,892.03 "," 134,181.97 "
3211,CONSEIL SUPERIEUR DU POUVOIR JUDICIAIRE,3211212,COUR DE CASSATION,4,IMMOBILISATION CORPORELLE," 8,881,084.02 "," 8,835,177.45 "," 45,906.57 "
3211,CONSEIL SUPERIEUR DU POUVOIR JUDICIAIRE,3211212,COUR DE CASSATION,7,"SUBVENTIONS, QUOTES-PARTS ET CONTRIB., ALLOC ,INDEMNISATIONS"," 280,190.30 ", -   ," 280,190.30 "
3211,CONSEIL SUPERIEUR DU POUVOIR JUDICIAIRE,3211212,COUR DE CASSATION,9,AUTRES DEPENSES PUBLIQUES," 8,071,911.30 "," 8,066,679.26 "," 5,232.04 "
3211,CONSEIL SUPERIEUR DU POUVOIR JUDICIAIRE,3211213,COUR D'APPEL,1,DEPENSES DE PERSONNEL," 62,125,136.49 "," 62,124,632.33 ", 504.16 
3211,CONSEIL SUPERIEUR DU POUVOIR JUDICIAIRE,3211213,COUR D'APPEL,2,DEPENSES DE SERVICES ET CHARGES DIVERSES," 632,131.10 "," 632,030.63 ", 100.47 
3211,CONSEIL SUPERIEUR DU POUVOIR JUDICIAIRE,3211213,COUR D'APPEL,3,ACHATS DE BIENS DE CONSOMMATION ET PETIT MATERIEL," 5,288,542.90 "," 5,288,032.50 ", 510.40 
3211,CONSEIL SUPERIEUR DU POUVOIR JUDICIAIRE,3211213,COUR D'APPEL,4,IMMOBILISATION CORPORELLE," 5,501,232.98 "," 5,500,593.50 ", 639.48 
3211,CONSEIL SUPERIEUR DU POUVOIR JUDICIAIRE,3211213,COUR D'APPEL,9,AUTRES DEPENSES PUBLIQUES," 24,347.01 "," 24,345.00 ", 2.01 
3211,CONSEIL SUPERIEUR DU POUVOIR JUDICIAIRE,3211214,TRIBUNAUX,1,DEPENSES DE PERSONNEL," 562,105,334.60 "," 562,103,458.57 "," 1,876.03 "
3211,CONSEIL SUPERIEUR DU POUVOIR JUDICIAIRE,3211214,TRIBUNAUX,2,DEPENSES DE SERVICES ET CHARGES DIVERSES," 30,939,305.92 "," 30,938,313.57 ", 992.35 
3211,CONSEIL SUPERIEUR DU POUVOIR JUDICIAIRE,3211214,TRIBUNAUX,3,ACHATS DE BIENS DE CONSOMMATION ET PETIT MATERIEL," 34,258,290.68 "," 34,258,178.50 ", 112.18 
3211,CONSEIL SUPERIEUR DU POUVOIR JUDICIAIRE,3211214,TRIBUNAUX,4,IMMOBILISATION CORPORELLE," 26,041,805.35 "," 26,041,752.96 ", 52.39 
3211,CONSEIL SUPERIEUR DU POUVOIR JUDICIAIRE,3211214,TRIBUNAUX,9,AUTRES DEPENSES PUBLIQUES," 9,424,875.79 "," 9,424,864.66 ", 11.13 
3211 Total,,,,,," 1,047,647,916.80 "," 1,046,425,595.12 "," 1,222,321.68 "
4111,COUR SUPERIEURE DES COMPTES ET DU CONTENTIEUX ADMINISTRATIF,4111111,CONSEIL DE LA COUR,1,DEPENSES DE PERSONNEL," 435,754,987.05 "," 435,754,944.99 ", 42.06 
4111,COUR SUPERIEURE DES COMPTES ET DU CONTENTIEUX ADMINISTRATIF,4111111,CONSEIL DE LA COUR,2,DEPENSES DE SERVICES ET CHARGES DIVERSES," 35,813,655.15 "," 35,813,577.86 ", 77.29 
4111,COUR SUPERIEURE DES COMPTES ET DU CONTENTIEUX ADMINISTRATIF,4111111,CONSEIL DE LA COUR,3,ACHATS DE BIENS DE CONSOMMATION ET PETIT MATERIEL," 26,229,726.14 "," 26,229,659.01 ", 67.13 
4111,COUR SUPERIEURE DES COMPTES ET DU CONTENTIEUX ADMINISTRATIF,4111111,CONSEIL DE LA COUR,4,IMMOBILISATION CORPORELLE," 11,005,224.00 "," 11,005,202.36 ", 21.64 
4111,COUR SUPERIEURE DES COMPTES ET DU CONTENTIEUX ADMINISTRATIF,4111111,CONSEIL DE LA COUR,7,"SUBVENTIONS, QUOTES-PARTS ET CONTRIB., ALLOC ,INDEMNISATIONS"," 499,992.00 "," 499,990.00 ", 2.00 
4111,COUR SUPERIEURE DES COMPTES ET DU CONTENTIEUX ADMINISTRATIF,4111111,CONSEIL DE LA COUR,9,AUTRES DEPENSES PUBLIQUES," 137,723,977.99 "," 137,723,968.96 ", 9.03 
4111 Total,,,,,," 647,027,562.33 "," 647,027,343.18 ", 219.15 
4211,CONSEIL ELECTORAL,4211111,CONSEIL ELECTORAL,1,DEPENSES DE PERSONNEL," 307,128,541.00 "," 307,128,530.89 ", 10.11 
4211,CONSEIL ELECTORAL,4211111,CONSEIL ELECTORAL,2,DEPENSES DE SERVICES ET CHARGES DIVERSES," 15,380,689.00 "," 15,380,678.24 ", 10.76 
4211,CONSEIL ELECTORAL,4211111,CONSEIL ELECTORAL,3,ACHATS DE BIENS DE CONSOMMATION ET PETIT MATERIEL," 13,831,367.00 "," 13,831,365.04 ", 1.96 
4211,CONSEIL ELECTORAL,4211111,CONSEIL ELECTORAL,4,IMMOBILISATION CORPORELLE," 9,499,965.10 "," 9,499,954.33 ", 10.77 
4211,CONSEIL ELECTORAL,4211111,CONSEIL ELECTORAL,7,"SUBVENTIONS, QUOTES-PARTS ET CONTRIB., ALLOC ,INDEMNISATIONS", -   , -   , -   
4211,CONSEIL ELECTORAL,4211111,CONSEIL ELECTORAL,9,AUTRES DEPENSES PUBLIQUES," 36,967,044.20 "," 36,967,031.86 ", 12.34 
4211 Total,,,,,," 382,807,606.30 "," 382,807,560.36 ", 45.94 
4212,OFFICE DE PROTECTION DU CITOYEN,4212112,OFFICE DE PROTECTION DU CITOYEN,1,DEPENSES DE PERSONNEL," 29,949,654.70 "," 29,949,571.67 ", 83.03 
4212,OFFICE DE PROTECTION DU CITOYEN,4212112,OFFICE DE PROTECTION DU CITOYEN,2,DEPENSES DE SERVICES ET CHARGES DIVERSES," 9,006,681.43 "," 9,004,480.99 "," 2,200.44 "
4212,OFFICE DE PROTECTION DU CITOYEN,4212112,OFFICE DE PROTECTION DU CITOYEN,3,ACHATS DE BIENS DE CONSOMMATION ET PETIT MATERIEL," 4,512,854.67 "," 4,512,811.18 ", 43.49 
4212,OFFICE DE PROTECTION DU CITOYEN,4212112,OFFICE DE PROTECTION DU CITOYEN,4,IMMOBILISATION CORPORELLE," 4,612,502.00 "," 4,612,472.90 ", 29.10 
4212,OFFICE DE PROTECTION DU CITOYEN,4212112,OFFICE DE PROTECTION DU CITOYEN,9,AUTRES DEPENSES PUBLIQUES," 368,508.00 "," 368,504.00 ", 4.00 
4212 Total,,,,,," 48,450,200.80 "," 48,447,840.74 "," 2,360.06 "
4311,UNIVERSITE D'ETAT D'HAITI,4311111,RECTORAT DE L'UNIVERSITE D'ETAT D'HAITI,1,DEPENSES DE PERSONNEL," 957,817,248.03 "," 949,703,355.46 "," 8,113,892.57 "
4311,UNIVERSITE D'ETAT D'HAITI,4311111,RECTORAT DE L'UNIVERSITE D'ETAT D'HAITI,2,DEPENSES DE SERVICES ET CHARGES DIVERSES," 185,182,644.00 "," 185,182,539.86 ", 104.14 
4311 Total,,,,,," 1,142,999,892.03 "," 1,134,885,895.32 "," 8,113,996.71 "
4411,ACADEMIE DU CREOLE HAITIEN,4411111,SECRETARIAT DE L'ACADEMIE DU CREOLE HAITIEN,1,DEPENSES DE PERSONNEL," 15,032,618.01 "," 15,032,547.91 ", 70.10 
4411,ACADEMIE DU CREOLE HAITIEN,4411111,SECRETARIAT DE L'ACADEMIE DU CREOLE HAITIEN,2,DEPENSES DE SERVICES ET CHARGES DIVERSES," 9,998,542.00 "," 9,998,507.98 ", 34.02 
4411 Total,,,,,," 25,031,160.01 "," 25,031,055.89 ", 104.12 
Grand Total,,,,,," 75,929,980,045.68 "," 73,840,025,123.04 "," 2,089,954,922.64 "
