MINISTERE,DESC_MINISTERE,SECTION,DESC_SECTION,MNT_ALLOUE1617,MNT_AUTORISE1,MNT_AUTORISE2,MNT_AUTORISE3,MNT_AUTORISE4,MNT_AUTORISE5,MNT_AUTORISE6,MNT_AUTORISE7,MNT_AUTORISE8,MNT_AUTORISE9,MNT_AUTORISE10,MNT_AUTORISE11,MNT_AUTORISE12
1111,MINISTERE DE LA PLANIFICATION ET DE LA COOPERATION EXTERNE,1111111,BUREAU DU MINISTRE," 81,965,484.66 "," 1,069,350.00 "," 2,176,401.90 "," 17,347,404.42 "," 5,115,728.00 "," 5,647,727.16 "," 7,240,705.24 "," 4,965,952.87 "," 8,633,494.91 "," 5,170,335.53 "," 4,881,224.19 "," 8,019,413.28 "," 11,528,304.89 "
1111,MINISTERE DE LA PLANIFICATION ET DE LA COOPERATION EXTERNE,1111112,DIRECTION GENERALE DES SERVICES INTERNES," 780,646,726.14 "," 26,789,228.33 "," 44,789,031.75 "," 81,568,746.75 "," 69,785,160.43 "," 61,972,765.91 "," 75,734,905.72 "," 75,926,718.13 "," 90,943,854.42 "," 39,697,267.55 "," 61,355,934.75 "," 66,872,391.45 "," 83,194,355.51 "
1111,MINISTERE DE LA PLANIFICATION ET DE LA COOPERATION EXTERNE,1111113,CENTRE DE TECHNIQUES DE PLANIFICATION & D'ECONOMIE APPLIQUEE," 70,094,425.70 "," 10,651,969.70 "," 2,294,000.01 "," 7,302,071.75 "," 4,322,979.75 "," 4,434,528.93 "," 15,221,139.18 "," 4,738,393.55 "," 5,096,681.56 "," 3,718,312.16 "," 3,881,433.01 "," 4,709,399.96 "," 3,550,522.44 "
1111,MINISTERE DE LA PLANIFICATION ET DE LA COOPERATION EXTERNE,1111114,CONSEIL NATIONAL DES COOPERATIVES," 22,080,482.30 "," 1,000,510.00 "," 1,234,559.46 "," 2,795,063.37 "," 2,219,343.72 "," 2,910,430.41 "," 1,612,444.02 "," 1,769,140.00 "," 1,592,034.92 "," 1,831,942.82 "," 1,759,423.33 "," 1,493,255.44 "," 1,861,469.54 "
1111,MINISTERE DE LA PLANIFICATION ET DE LA COOPERATION EXTERNE,1111115,CENTRE NATIONAL DE L'INFORMATION GEO-SPATIALE," 63,641,991.13 "," 1,321,340.00 "," 6,432,890.44 "," 9,530,452.18 "," 3,881,130.06 "," 5,151,637.85 "," 8,487,856.73 "," 3,811,952.40 "," 4,191,066.92 "," 3,388,202.27 "," 4,976,379.53 "," 6,875,255.28 "," 5,573,843.10 "
1111 Total,,,," 1,018,429,109.93 "," 40,832,398.03 ",," 118,543,738.47 "," 85,324,341.96 "," 80,117,090.26 "," 108,297,050.89 "," 91,212,156.95 "," 110,457,132.73 "," 53,806,060.33 "," 76,854,394.81 "," 87,969,715.41 "," 105,708,495.48 "
1112,MINISTERE DE L'ECONOMIE ET DES FINANCES,1112111,BUREAU DU MINISTRE," 47,536,766.01 "," 5,336,408.88 "," 8,857,016.07 "," 3,134,007.85 "," 2,922,085.85 "," 2,539,470.24 "," 4,556,901.53 "," 1,892,409.50 "," 2,920,323.08 "," 2,161,206.82 "," 6,216,845.68 "," 3,156,525.50 "," 3,631,960.00 "
1112,MINISTERE DE L'ECONOMIE ET DES FINANCES,1112112,DIRECTION GENERALE DES SERVICES INTERNES," 905,564,444.09 "," 80,054,657.67 "," 70,470,200.77 "," 126,521,881.38 "," 63,831,030.57 "," 67,960,629.06 "," 57,797,085.23 "," 66,603,654.18 "," 61,050,112.01 "," 70,237,417.49 "," 73,947,796.49 "," 91,648,417.36 "," 71,991,773.09 "
1112,MINISTERE DE L'ECONOMIE ET DES FINANCES,1112117,BUREAU DU SECRETAIRE D'ETAT AUX FINANCES, -   , -   , -   , -   , -   , -   , -   , -   , -   , -   , -   , -   , -   
1112,MINISTERE DE L'ECONOMIE ET DES FINANCES,1112119,FONDS D'ASSISTANCE ECONOMIQUE ET SOCIAL," 50,086,849.00 ", -   , -   ," 5,840,000.00 "," 5,756,477.18 "," 9,996,526.95 "," 5,286,670.07 "," 1,070,755.45 "," 745,183.72 "," 4,740,969.00 "," 2,950,000.00 "," 1,431,965.12 "," 12,253,297.94 "
1112,MINISTERE DE L'ECONOMIE ET DES FINANCES,1112121,UNITE DE LUTTE CONTRE LA CORRUPTION," 143,870,131.94 "," 7,786,680.67 "," 15,119,648.26 "," 16,448,499.85 "," 6,727,749.55 "," 2,920,327.73 "," 23,040,976.09 "," 5,912,499.55 "," 15,500,791.30 "," 8,298,900.67 "," 8,669,829.01 "," 14,940,509.36 "," 18,502,693.28 "
1112,MINISTERE DE L'ECONOMIE ET DES FINANCES,1112122,ECOLE NATIONALE D'ADMINISTRATION FINANCIERE," 66,898,848.00 "," 5,080,525.17 "," 2,222,068.32 "," 5,284,437.52 "," 2,331,849.48 "," 4,878,509.33 "," 8,510,745.91 "," 5,078,594.76 "," 4,805,801.05 "," 6,358,470.56 "," 7,166,170.45 "," 4,516,227.95 "," 10,651,797.49 "
1112,MINISTERE DE L'ECONOMIE ET DES FINANCES,1112213,INSTITUT HAITIEN DE STATISTIQUE ET D'INFORMATIQUE," 103,535,649.87 "," 7,416,825.33 "," 6,667,118.60 "," 11,576,676.56 "," 7,049,217.64 "," 6,186,856.33 "," 7,221,181.98 "," 7,701,385.75 "," 6,735,322.54 "," 7,332,298.26 "," 9,204,164.56 "," 12,260,979.26 "," 10,174,302.91 "
1112,MINISTERE DE L'ECONOMIE ET DES FINANCES,1112214,DIRECTION GENERALE DU BUDGET," 177,679,424.17 "," 15,383,343.38 "," 11,868,937.75 "," 20,471,554.91 "," 13,675,958.20 "," 10,769,193.06 "," 18,455,983.34 "," 7,682,608.71 "," 16,145,731.25 "," 19,831,185.93 "," 13,968,989.98 "," 18,944,945.28 "," 10,382,737.33 "
1112,MINISTERE DE L'ECONOMIE ET DES FINANCES,1112215,DIRECTION GENERALE DES IMPOTS," 1,342,898,440.21 "," 148,711,678.26 "," 44,897,805.73 "," 150,734,536.04 "," 53,047,939.09 "," 95,606,839.00 "," 68,257,722.07 "," 51,647,490.99 "," 83,773,050.18 "," 55,520,378.43 "," 128,618,300.13 "," 118,121,663.94 "," 303,416,953.94 "
1112,MINISTERE DE L'ECONOMIE ET DES FINANCES,1112216,ADMINISTRATION GENERALE DES DOUANES," 1,867,816,937.29 "," 128,370,614.37 "," 124,524,036.74 "," 164,197,424.86 "," 130,995,574.70 "," 106,240,540.01 "," 92,681,886.64 "," 130,651,127.29 "," 126,527,045.05 "," 309,825,887.22 "," 193,571,787.30 "," 128,819,446.72 "," 220,428,163.80 "
1112,MINISTERE DE L'ECONOMIE ET DES FINANCES,1112225,INSPECTION GENERALE DES FINANCES," 94,541,001.87 "," 8,447,506.22 "," 5,240,791.18 "," 11,411,401.99 "," 6,993,574.61 "," 5,019,467.44 "," 5,551,616.70 "," 8,537,098.48 "," 6,897,207.62 "," 8,240,637.25 "," 11,388,066.88 "," 9,373,192.26 "," 7,387,925.15 "
1112 Total,,,," 4,800,428,492.45 "," 406,588,239.95 ",," 515,620,420.96 "," 293,331,456.87 "," 312,118,359.15 "," 291,360,769.56 "," 286,777,624.66 "," 325,100,567.80 "," 492,547,351.63 "," 455,701,950.48 "," 403,213,872.75 "," 668,821,604.93 "
1113,"MINIS. DE L'AGRICULTURE, RESSOURCES NATURELLES/DEVELOP/RURAL",1113111,BUREAU DU MINISTRE," 150,397,053.77 "," 12,902,200.00 "," 8,302,320.00 "," 12,315,191.65 "," 8,160,689.59 "," 9,280,081.00 "," 19,721,593.20 "," 4,251,035.94 "," 10,964,256.00 "," 12,708,296.41 "," 10,181,145.64 "," 19,223,127.03 "," 22,365,867.00 "
1113,"MINIS. DE L'AGRICULTURE, RESSOURCES NATURELLES/DEVELOP/RURAL",1113112,DIRECTION GENERALE DES SERVICES INTERNES," 826,461,342.07 "," 36,916,997.30 "," 61,713,295.24 "," 107,864,743.60 "," 68,754,639.80 "," 30,431,393.35 "," 112,402,799.96 "," 49,037,758.69 "," 65,885,822.72 "," 77,322,005.18 "," 54,812,148.09 "," 73,859,555.88 "," 87,286,685.68 "
1113,"MINIS. DE L'AGRICULTURE, RESSOURCES NATURELLES/DEVELOP/RURAL",1113113,ORGANISME DE DEV. DE LA VALLE DE L'ARTIBONITE," 106,592,408.00 "," 6,173,974.13 "," 7,357,755.63 "," 12,806,597.69 "," 7,160,268.20 "," 4,938,861.49 "," 15,774,368.99 "," 11,322,444.79 "," 9,607,191.91 "," 7,552,722.94 "," 7,125,008.05 "," 7,382,359.48 "," 9,390,812.49 "
1113,"MINIS. DE L'AGRICULTURE, RESSOURCES NATURELLES/DEVELOP/RURAL",1113114,INSTITUT NATIONAL DE REFORME AGRAIRE," 69,776,822.87 "," 3,445,110.00 "," 5,123,880.00 "," 8,206,465.58 "," 5,969,227.86 "," 2,713,962.51 "," 9,103,091.67 "," 3,798,349.45 "," 8,163,601.09 "," 7,184,868.12 "," 4,992,934.21 "," 6,244,819.42 "," 4,776,816.25 "
1113,"MINIS. DE L'AGRICULTURE, RESSOURCES NATURELLES/DEVELOP/RURAL",1113116,ORGANISME DE DEVELOPPEMENT DU NORD," 9,662,129.99 "," 160,000.00 "," 160,000.00 "," 586,221.45 "," 1,083,057.10 ", -   ," 6,030,200.00 "," 84,400.00 "," 84,400.00 "," 84,400.00 "," 84,400.00 "," 1,220,656.00 "," 84,400.00 "
1113,"MINIS. DE L'AGRICULTURE, RESSOURCES NATURELLES/DEVELOP/RURAL",1113117,INSTITUT NATIONAL DU CAFE D'HAITI," 16,799,788.01 "," 732,131.32 "," 2,828,602.28 "," 1,718,759.98 ", -   ," 3,566,550.00 "," 911,959.58 "," 1,644,917.00 "," 1,100,308.10 "," 767,850.00 "," 756,060.00 "," 1,983,709.25 "," 788,935.00 "
1113 Total,,,," 1,179,689,544.71 "," 60,330,412.75 ",," 143,497,979.95 "," 91,127,882.55 "," 50,930,848.35 "," 163,944,013.40 "," 70,138,905.87 "," 95,805,579.82 "," 105,620,142.65 "," 77,951,695.99 "," 109,914,227.06 "," 124,693,516.42 "
1114,"MINISTERE DES TRAVAUX PUBLICS, TRANSPORTS ET COMMUNICATIONS",1114111,BUREAU DU MINISTRE," 57,818,103.73 "," 2,694,802.96 "," 3,216,444.80 "," 6,518,793.70 "," 2,845,927.57 "," 3,129,614.04 "," 6,030,141.22 "," 3,119,278.13 "," 3,765,578.50 "," 1,637,370.31 "," 3,294,322.06 "," 7,134,915.11 "," 13,461,553.56 "
1114,"MINISTERE DES TRAVAUX PUBLICS, TRANSPORTS ET COMMUNICATIONS",1114112,DIRECTION GENERALE DES SERVICES INTERNES," 528,054,014.89 "," 19,394,080.00 "," 25,497,947.19 "," 84,965,406.84 "," 39,748,630.27 "," 26,622,836.85 "," 34,622,558.05 "," 52,939,385.48 "," 33,471,431.85 "," 28,856,291.04 "," 29,976,608.95 "," 82,792,338.03 "," 58,121,499.29 "
1114,"MINISTERE DES TRAVAUX PUBLICS, TRANSPORTS ET COMMUNICATIONS",1114115,LABORATOIRE NATIONAL DU BATIMENT ET DES TRAVAUX PUBLICS," 27,928,292.05 "," 2,167,271.66 "," 1,128,300.00 "," 3,382,538.33 "," 2,277,576.66 "," 1,175,541.67 "," 1,593,138.33 "," 1,796,738.33 "," 2,082,721.66 "," 1,315,900.00 "," 1,601,883.33 "," 1,817,276.66 "," 7,315,900.00 "
1114,"MINISTERE DES TRAVAUX PUBLICS, TRANSPORTS ET COMMUNICATIONS",1114116,OFFICE NATIONAL DU CADASTRE," 57,999,961.13 "," 2,665,420.00 "," 4,666,032.77 "," 7,625,961.10 "," 4,009,602.09 "," 3,804,735.02 "," 4,721,793.71 "," 2,644,320.00 "," 4,491,642.50 "," 4,673,654.19 "," 4,088,753.68 "," 4,198,740.43 "," 9,182,171.00 "
1114,"MINISTERE DES TRAVAUX PUBLICS, TRANSPORTS ET COMMUNICATIONS",1114117,SERVICE MARITIME ET DE NAVIGATION," 34,999,978.00 "," 2,499,670.00 "," 1,360,000.00 "," 3,538,673.32 "," 1,360,000.00 "," 1,482,100.00 "," 1,882,500.00 "," 2,471,470.00 "," 2,893,870.00 "," 2,471,470.00 "," 2,449,070.00 "," 3,961,070.00 "," 8,434,780.00 "
1114,"MINISTERE DES TRAVAUX PUBLICS, TRANSPORTS ET COMMUNICATIONS",1114118,CONSEIL NATIONAL DES TELECOMMUNICATIONS," 7,740,532.00 "," 578,230.00 "," 578,230.00 "," 1,107,226.67 "," 578,230.00 "," 627,463.33 "," 578,230.00 "," 502,630.00 "," 418,230.00 "," 418,230.00 "," 502,630.00 "," 671,430.00 "," 502,630.00 "
1114,"MINISTERE DES TRAVAUX PUBLICS, TRANSPORTS ET COMMUNICATIONS",1114119,BUREAU DES MINES ET DE L'ENERGIE," 52,999,898.87 "," 3,001,060.00 "," 4,350,740.41 "," 7,676,205.32 "," 3,452,776.66 "," 3,852,902.12 "," 4,249,899.24 "," 3,941,427.85 "," 3,954,078.96 "," 3,727,773.80 "," 4,546,776.41 "," 3,550,927.33 "," 5,704,058.56 "
1114,"MINISTERE DES TRAVAUX PUBLICS, TRANSPORTS ET COMMUNICATIONS",1114120,FONDS D'ENTRETIEN ROUTIER," 4,994,417.00 ", -   , -   , -   , -   ," 2,050,769.38 ", -   , -   ," 506,400.00 "," 715,408.00 "," 581,178.50 ", -   ," 1,001,895.00 "
1114,"MINISTERE DES TRAVAUX PUBLICS, TRANSPORTS ET COMMUNICATIONS",1114121,CENTRE NATIONAL DES EQUIPEMENTS," 195,315,128.60 "," 295,316.52 "," 18,863,809.18 "," 76,716,454.23 "," 3,630,588.65 "," 9,804,823.75 "," 16,391,800.45 "," 36,018,692.48 "," 3,120,488.65 "," 7,045,034.59 "," 4,838,745.46 "," 2,280,286.73 "," 16,087,889.02 "
1114,"MINISTERE DES TRAVAUX PUBLICS, TRANSPORTS ET COMMUNICATIONS",1114122,DIRECTION NATIONALE DE L'EAU POTABLE ET DE L'ASSAINISSEMENT," 59,222,660.00 "," 690,800.00 "," 690,800.00 "," 14,822,962.46 "," 6,360,972.01 "," 3,686,932.69 "," 3,633,402.69 "," 4,343,732.59 "," 4,508,573.94 "," 3,914,407.27 "," 4,968,720.61 "," 4,799,737.94 "," 4,553,650.94 "
1114 Total,,,," 1,027,072,986.27 "," 33,986,651.14 ",," 206,354,221.97 "," 64,264,303.91 "," 56,237,718.85 "," 73,703,463.69 "," 107,777,674.86 "," 59,213,016.06 "," 54,775,539.20 "," 56,848,689.00 "," 111,206,722.23 "," 124,366,027.37 "
1115,MINISTERE DU COMMERCE ET DE L'INDUSTRIE,1115111,BUREAU DU MINISTRE," 52,832,779.39 "," 3,959,050.00 "," 2,770,728.35 "," 6,613,163.46 "," 4,816,463.18 "," 3,654,522.52 "," 5,081,447.03 "," 3,921,870.80 "," 2,975,299.30 "," 6,524,026.29 "," 4,878,381.50 "," 3,576,106.65 "," 4,061,609.64 "
1115,MINISTERE DU COMMERCE ET DE L'INDUSTRIE,1115112,DIRECTION GENERALE DES SERVICES INTERNES," 220,922,297.20 "," 10,395,656.62 "," 14,513,778.66 "," 33,399,964.44 "," 13,292,279.12 "," 12,857,512.62 "," 34,580,071.71 "," 17,359,299.95 "," 15,886,099.75 "," 15,051,477.89 "," 18,542,257.42 "," 17,517,648.32 "," 17,452,970.81 "
1115,MINISTERE DU COMMERCE ET DE L'INDUSTRIE,1115113,OFFICE DES POSTES D'HAITI," 104,079,369.50 "," 5,355,969.33 "," 9,008,784.49 "," 14,665,053.43 "," 10,444,031.49 "," 8,236,031.49 "," 6,160,092.33 "," 7,298,586.91 "," 6,698,586.91 "," 6,364,092.33 "," 7,212,986.27 "," 8,130,236.27 "," 14,504,552.27 "
1115,MINISTERE DU COMMERCE ET DE L'INDUSTRIE,1115115,DIRECTION GENERALE DES ZONES FRANCHES," 36,068,933.20 "," 4,376,778.22 "," 3,236,686.16 "," 3,265,660.00 "," 3,063,276.47 "," 2,832,628.39 "," 2,642,990.75 "," 2,024,625.13 "," 3,119,790.20 "," 1,667,303.25 "," 4,311,434.24 "," 3,167,468.25 "," 1,650,356.25 "
1115,MINISTERE DU COMMERCE ET DE L'INDUSTRIE,1115116,CENTRE DE FACILITATION DES INVESTISSEMENTS," 110,122,023.30 "," 8,803,686.30 "," 5,094,999.99 "," 15,225,378.68 "," 3,460,833.33 "," 9,684,847.70 "," 11,721,457.50 "," 2,976,666.66 "," 9,722,818.27 "," 2,999,166.66 "," 16,037,999.93 "," 15,000,650.25 "," 9,383,388.07 "
1115 Total,,,," 524,025,402.59 "," 32,891,140.47 ",," 73,169,220.01 "," 35,076,883.59 "," 37,265,542.72 "," 60,186,059.32 "," 33,581,049.45 "," 38,402,594.43 "," 32,606,066.42 "," 50,983,059.36 "," 47,392,109.74 "," 47,052,877.04 "
1116,MINISTERE DE L'ENVIRONNEMENT,1116111,BUREAU DU MINISTRE," 107,510,819.47 "," 15,397,911.50 "," 14,054,369.15 "," 6,923,183.44 "," 6,887,438.00 "," 8,976,114.16 "," 1,757,053.33 "," 7,169,860.00 "," 4,554,104.76 "," 4,439,566.65 "," 8,726,377.74 "," 16,303,250.44 "," 12,287,843.34 "
1116,MINISTERE DE L'ENVIRONNEMENT,1116112,DIRECTION GENERALE DES SERVICES INTERNES," 345,510,343.50 "," 19,285,159.17 "," 17,485,940.60 "," 44,496,537.73 "," 21,615,362.77 "," 25,966,376.03 "," 24,406,665.82 "," 25,810,083.95 "," 24,389,857.16 "," 19,843,615.95 "," 33,755,244.56 "," 32,467,067.89 "," 55,777,268.79 "
1116 Total,,,," 453,021,162.97 "," 34,683,070.67 ",," 51,419,721.17 "," 28,502,800.77 "," 34,942,490.19 "," 26,163,719.15 "," 32,979,943.95 "," 28,943,961.92 "," 24,283,182.60 "," 42,481,622.30 "," 48,770,318.33 "," 68,065,112.13 "
1117,MINISTERE DU TOURISME,1117111,BUREAU DU MINISTRE," 29,118,138.51 "," 1,145,524.08 "," 3,184,601.92 "," 3,817,099.37 "," 2,327,763.80 "," 5,639,649.55 "," 1,410,242.52 "," 973,690.00 "," 1,397,043.76 "," 4,159,660.48 "," 1,437,600.00 "," 1,437,600.00 "," 1,949,210.44 "
1117,MINISTERE DU TOURISME,1117112,DIRECTION GENERALE DES SERVICES INTERNES," 127,530,130.37 "," 7,107,781.98 "," 10,855,506.64 "," 21,748,071.29 "," 8,517,293.18 "," 9,064,919.47 "," 13,678,336.05 "," 9,401,747.45 "," 9,092,707.10 "," 9,509,539.84 "," 11,241,759.30 "," 8,664,456.10 "," 8,628,309.44 "
1117,MINISTERE DU TOURISME,1117113,ECOLE HOTELIERE," 28,663,009.58 "," 785,233.33 "," 830,233.33 "," 6,690,721.23 "," 2,640,961.95 "," 867,900.00 "," 1,321,900.00 "," 3,623,600.00 "," 1,737,474.16 "," 2,094,256.39 "," 2,308,145.55 "," 1,282,066.66 "," 4,474,235.24 "
1117 Total,,,," 185,311,278.46 "," 9,038,539.39 ",," 32,255,891.89 "," 13,486,018.93 "," 15,572,469.02 "," 16,410,478.57 "," 13,999,037.45 "," 12,227,225.02 "," 15,763,456.71 "," 14,987,504.85 "," 11,384,122.76 "," 15,051,755.12 "
1211,MINISTERE DE LA JUSTICE,1211111,BUREAU DU MINISTRE," 40,145,955.20 "," 2,861,045.00 "," 1,587,451.67 "," 8,759,022.78 "," 2,329,485.01 "," 1,086,410.00 "," 4,510,693.47 "," 1,295,260.00 "," 1,592,889.34 "," 973,143.34 "," 4,244,148.00 "," 6,014,430.75 "," 4,090,090.00 "
1211,MINISTERE DE LA JUSTICE,1211112,DIRECTION GENERALE DES SERVICES INTERNES," 1,459,638,564.33 "," 103,597,527.64 "," 132,661,453.67 "," 226,672,995.49 "," 124,948,879.99 "," 86,782,244.20 "," 87,546,774.18 "," 86,742,550.92 "," 106,781,401.90 "," 109,144,149.30 "," 105,191,905.07 "," 83,793,091.66 "," 192,438,972.17 "
1211,MINISTERE DE LA JUSTICE,1211117,UNITE CENTRALE DE RENSEIGNEMENTS FINANCIERS," 54,209,374.40 "," 819,500.00 "," 7,582,119.60 "," 6,254,325.42 "," 3,116,539.76 "," 3,769,168.73 "," 5,787,400.42 "," 360,607.50 "," 8,019,458.99 "," 1,586,192.68 "," 3,902,114.21 "," 5,593,914.88 "," 7,286,807.94 "
1211,MINISTERE DE LA JUSTICE,1211118,BUREAU DU SECRETAIRE D'ETAT A LA SECURITE PUBLIQUE," 53,796,250.00 "," 2,071,452.50 "," 2,576,819.42 "," 9,118,010.18 "," 6,011,914.49 "," 2,886,453.26 "," 3,968,075.38 "," 5,431,653.30 "," 4,017,323.74 "," 1,096,440.24 "," 2,959,904.38 "," 7,111,380.49 "," 6,404,914.49 "
1211,MINISTERE DE LA JUSTICE,1211119,OFFICE NATIONAL D'IDENTIFICATION," 165,999,920.00 "," 12,486,531.11 "," 6,826,826.10 "," 40,615,550.08 "," 4,076,202.36 "," 5,484,558.73 "," 1,184,101.24 "," 41,626,320.50 "," 12,314,930.00 "," 9,658,569.50 "," 8,457,292.50 "," 12,719,061.62 "," 10,533,276.20 "
1211,MINISTERE DE LA JUSTICE,1211121,ECOLE DE LA MAGISTRATURE," 34,999,960.10 "," 1,363,829.86 "," 5,331,113.01 "," 2,406,163.23 "," 4,352,518.12 "," 1,742,629.86 "," 2,353,016.40 "," 1,096,940.00 "," 3,835,108.70 "," 3,605,340.00 "," 2,346,299.28 "," 4,846,897.98 "," 1,269,225.38 "
1211,MINISTERE DE LA JUSTICE,1211216,POLICE NATIONALE D'HAITI," 8,772,244,198.15 "," 516,702,116.81 "," 519,553,197.82 "," 1,216,104,320.51 "," 818,565,359.32 "," 582,778,928.80 "," 759,315,671.63 "," 756,798,015.47 "," 763,363,458.63 "," 506,531,759.25 "," 677,298,146.11 "," 650,045,033.19 "," 973,606,161.53 "
1211 Total,,,," 10,581,034,222.18 "," 639,902,002.92 ",," 1,509,930,387.69 "," 963,400,899.05 "," 684,530,393.58 "," 864,665,732.72 "," 893,351,347.69 "," 899,924,571.30 "," 632,595,594.31 "," 804,399,809.55 "," 770,123,810.57 "," 1,195,629,447.71 "
1212,MINISTERE DES HAITIENS VIVANT A L'ETRANGER,1212111,BUREAU DU MINISTRE," 33,273,794.94 "," 2,565,970.00 "," 1,998,077.47 "," 3,218,622.54 "," 584,315.45 "," 1,456,429.77 "," 1,596,660.00 "," 1,371,000.81 "," 1,270,516.66 "," 1,089,604.70 "," 2,946,398.47 "," 3,577,937.13 "," 11,562,107.98 "
1212,MINISTERE DES HAITIENS VIVANT A L'ETRANGER,1212112,DIRECTION GENERALE DES SERVICES INTERNES," 66,725,975.00 "," 4,128,908.31 "," 4,619,461.94 "," 8,319,255.88 "," 4,755,506.53 "," 4,570,333.42 "," 5,229,217.73 "," 4,200,461.35 "," 4,971,100.50 "," 4,341,443.33 "," 3,942,677.48 "," 5,016,979.71 "," 12,460,375.75 "
1212 Total,,,," 99,999,769.94 "," 6,694,878.31 ",," 11,537,878.42 "," 5,339,821.98 "," 6,026,763.19 "," 6,825,877.73 "," 5,571,462.16 "," 6,241,617.16 "," 5,431,048.03 "," 6,889,075.95 "," 8,594,916.84 "," 24,022,483.73 "
1213,MINISTERE DES AFFAIRES ETRANGERES,1213111,BUREAU DU MINISTRE," 116,831,549.90 "," 9,471,995.56 "," 10,023,685.00 "," 16,687,526.08 "," 8,654,432.00 "," 10,901,480.67 "," 8,590,597.87 "," 7,272,501.66 "," 8,288,080.00 "," 11,031,226.66 "," 7,570,749.98 "," 8,914,510.00 "," 9,424,710.00 "
1213,MINISTERE DES AFFAIRES ETRANGERES,1213112,DIRECTION GENERALE DES SERVICES INTERNES," 3,699,167,983.53 "," 317,774,566.90 "," 602,624,162.89 "," 622,502,529.16 "," 37,020,039.54 "," 349,389,243.63 "," 321,654,231.48 "," 322,561,468.88 "," 26,609,479.99 "," 33,416,190.74 "," 906,222,585.17 "," 58,264,597.52 "," 100,406,759.95 "
1213 Total,,,," 3,815,999,533.43 "," 327,246,562.46 ",," 639,190,055.24 "," 45,674,471.54 "," 360,290,724.30 "," 330,244,829.35 "," 329,833,970.54 "," 34,897,559.99 "," 44,447,417.40 "," 913,793,335.15 "," 67,179,107.52 "," 109,831,469.95 "
1214,LA PRESIDENCE,1214111,BUREAU DU PRESIDENT," 222,143,826.20 "," 11,179,210.00 "," 5,985,210.00 "," 20,394,495.89 "," 29,486,360.67 "," 17,946,959.94 "," 20,818,651.60 "," 7,521,710.00 "," 28,290,576.67 "," 15,532,043.33 "," 20,843,176.67 "," 30,916,026.67 "," 13,229,360.00 "
1214,LA PRESIDENCE,1214112,ADMINISTRATION GENERALE," 409,487,785.00 "," 23,296,512.35 "," 31,400,518.37 "," 41,335,749.14 "," 18,561,003.17 "," 34,419,502.41 "," 31,663,650.97 "," 53,839,434.45 "," 30,270,320.95 "," 52,758,720.48 "," 58,721,246.21 "," 18,935,976.97 "," 13,985,039.99 "
1214,LA PRESIDENCE,1214113,SERVICE DE SECURITE DU PALAIS NATIONAL," 496,339,142.70 "," 24,000,000.00 "," 15,443,879.00 "," 81,690,145.48 "," 35,433,248.00 "," 41,653,274.15 "," 70,142,298.94 "," 13,338,499.00 "," 72,830,245.00 "," 22,909,914.90 "," 77,756,456.40 "," 40,152,795.00 "," 969,000.00 "
1214,LA PRESIDENCE,1214114,DOTATION POUR COMPTE SPECIAL DU PRESIDENT," 76,600,000.00 "," 12,766,666.00 "," 6,383,333.00 "," 6,383,333.00 "," 6,383,333.00 "," 6,383,333.00 "," 6,383,333.00 "," 6,383,333.00 "," 6,383,333.00 "," 6,383,333.00 "," 6,383,333.00 "," 6,383,333.00 ", -   
1214 Total,,,," 1,204,570,753.90 "," 71,242,388.35 ",," 149,803,723.51 "," 89,863,944.84 "," 100,403,069.50 "," 129,007,934.51 "," 81,082,976.45 "," 137,774,475.62 "," 97,584,011.71 "," 163,704,212.28 "," 96,388,131.64 "," 28,183,399.99 "
1215,LA PRIMATURE,1215111,BUREAU DU PREMIER MINISTRE," 418,655,667.65 "," 18,409,831.99 "," 17,391,816.80 "," 59,530,412.31 "," 18,431,904.99 "," 17,662,081.99 "," 38,367,055.56 "," 20,992,853.04 "," 23,101,416.60 "," 22,231,280.48 "," 20,555,068.38 "," 69,230,388.96 "," 63,740,202.52 "
1215,LA PRIMATURE,1215112,ADMINISTRATION GENERALE," 925,408,180.91 "," 33,271,475.37 "," 46,948,113.10 "," 137,631,819.96 "," 66,894,985.78 "," 56,894,541.79 "," 61,972,089.03 "," 47,634,545.70 "," 39,625,816.91 "," 48,885,401.21 "," 148,951,505.55 "," 72,415,669.59 "," 116,674,770.17 "
1215,LA PRIMATURE,1215113,DOTATION POUR COMPTE SPECIAL DU PREMIER MINISTRE," 52,028,538.90 "," 4,335,711.00 "," 4,335,711.00 "," 4,335,711.00 "," 4,335,711.00 "," 4,335,711.00 "," 4,335,711.00 "," 4,335,711.00 "," 4,335,711.00 "," 4,335,711.00 "," 4,335,711.00 "," 4,335,711.00 "," 4,335,711.00 "
1215,LA PRIMATURE,1215116,CONSEIL DE MODERNISATION DES ENTREPRISES PUBLIQUES," 41,031,275.50 "," 2,403,353.33 "," 1,271,461.40 "," 5,909,448.81 "," 2,697,944.65 "," 1,894,718.90 "," 3,629,373.44 "," 3,339,803.39 "," 3,326,707.31 "," 2,591,934.27 "," 2,567,743.30 "," 4,539,075.61 "," 6,322,412.63 "
1215,LA PRIMATURE,1215117,COMMISSSION NATIONALE DE LUTTE CONTRE LA DROGUE," 35,770,006.00 "," 933,566.66 "," 942,866.66 "," 5,765,001.59 "," 1,982,838.53 "," 6,171,233.86 "," 2,834,470.59 "," 177,170.00 "," 3,971,161.99 "," 388,210.00 "," 2,466,516.65 "," 3,674,774.12 "," 6,462,064.42 "
1215,LA PRIMATURE,1215118,BUREAU DE L'ORDONNATEUR NATIONAL," 60,633,405.00 ", -   ," 5,183,100.00 "," 7,642,925.88 "," 4,072,066.79 "," 3,183,986.61 "," 5,253,014.64 "," 3,507,741.70 "," 3,653,808.80 "," 5,025,900.02 "," 6,217,937.23 "," 7,360,956.74 "," 5,827,519.30 "
1215,LA PRIMATURE,1215119,COMMISSION NATIONALE DE PASSATION DES MARCHES," 110,027,340.00 ", -   , -   ," 21,525,576.57 "," 13,797,316.27 "," 7,401,815.90 "," 7,446,779.20 "," 7,321,709.32 "," 7,181,705.70 "," 7,588,620.36 "," 6,999,379.43 "," 7,866,231.12 "," 22,416,486.34 "
1215,LA PRIMATURE,1215121,CONSEIL SUPERIEUR DE LA POLICE NATIONALE," 52,200,000.00 "," 4,350,000.00 "," 4,350,000.00 "," 4,350,000.00 "," 4,350,000.00 "," 4,350,000.00 "," 4,350,000.00 "," 4,350,000.00 "," 4,350,000.00 "," 4,350,000.00 "," 4,350,000.00 "," 4,350,000.00 "," 4,350,000.00 "
1215,LA PRIMATURE,1215122,BUR. DE COORD. ET DE SUIVI DES ACCORDS CARICOM/OMC/ZLEA," 27,643,101.00 "," 60,000.00 "," 5,420,248.04 "," 2,186,719.29 "," 1,791,120.49 "," 1,520,423.38 "," 2,265,144.07 "," 1,401,055.31 "," 2,364,850.69 "," 1,793,023.84 "," 2,168,404.53 "," 1,612,284.61 "," 5,059,787.73 "
1215,LA PRIMATURE,1215123,APPUI A LA FORMATION," 17,231,701.00 ", -   , -   , -   , -   , -   ," 7,356,992.00 ", -   , -   , -   ," 84,000.00 ", -   , -   
1215,LA PRIMATURE,1215214,C.E.F.O.P.A.F.O.P," 30,379,016.00 "," 938,570.00 "," 1,767,719.20 "," 4,384,413.04 "," 2,817,876.34 "," 570,100.00 "," 2,803,202.42 "," 3,280,860.77 "," 3,457,383.38 "," 1,518,982.13 "," 2,388,413.54 "," 1,749,686.90 "," 4,188,307.17 "
1215,LA PRIMATURE,1215220,BUREAU DE GESTION DES MILITAIRES DEMOBILISES," 26,065,339.90 ", -   ," 361,562.42 "," 4,615,780.02 "," 1,611,924.94 "," 2,022,425.14 "," 1,541,173.34 ", -   ," 2,721,281.57 "," 227,500.00 "," 1,241,913.34 "," 1,443,173.34 "," 5,293,613.35 "
1215 Total,,,," 1,797,073,571.86 "," 64,702,508.35 ",," 257,877,808.47 "," 122,783,689.78 "," 106,007,038.57 "," 142,155,005.29 "," 96,341,450.23 "," 98,089,843.95 "," 98,936,563.31 "," 202,326,592.95 "," 178,577,951.99 "," 244,670,874.63 "
1216,MINISTERE DE L'INTERIEUR & DES COLLECTIVITÉS TERRITORIALES,1216111,BUREAU DU MINISTRE," 151,590,777.79 "," 3,862,333.33 "," 4,873,358.04 "," 11,940,851.04 "," 15,057,363.35 "," 9,054,353.85 "," 5,239,542.71 "," 6,837,963.33 "," 3,812,133.33 "," 5,233,409.08 "," 13,278,628.35 "," 15,301,556.09 "," 55,399,124.75 "
1216,MINISTERE DE L'INTERIEUR & DES COLLECTIVITÉS TERRITORIALES,1216112,DIRECTION GENERALE DES SERVICES INTERNES," 921,974,096.54 "," 38,094,649.26 "," 38,922,265.26 "," 121,658,473.64 "," 57,398,600.14 "," 71,331,604.14 "," 59,547,311.52 "," 29,351,790.71 "," 66,792,239.85 "," 59,971,866.79 "," 54,295,478.08 "," 110,322,572.28 "," 186,281,210.92 "
1216,MINISTERE DE L'INTERIEUR & DES COLLECTIVITÉS TERRITORIALES,1216115,ORGANISME DE SURVEILLANCE MORNE HOPITAL," 8,094,814.00 ", -   , -   ," 541,260.00 "," 709,730.50 "," 1,002,220.00 "," 1,657,050.50 "," 219,570.50 "," 980,220.00 "," 486,460.00 "," 684,130.50 "," 486,460.00 "," 486,460.00 "
1216,MINISTERE DE L'INTERIEUR & DES COLLECTIVITÉS TERRITORIALES,1216117,SERVICE METROPOLITAIN DE COLLECTE DE RESIDUS SOLIDES," 425,842,794.80 "," 3,580,000.00 "," 34,000,000.00 "," 18,898,197.10 "," 58,237,017.00 "," 24,459,200.00 "," 44,714,028.00 "," 34,060,000.00 "," 14,885,400.00 "," 37,665,238.00 "," 21,990,617.00 "," 69,099,740.57 "," 59,938,450.00 "
1216 Total,,,," 1,507,502,483.13 "," 45,536,982.59 ",," 153,038,781.78 "," 131,402,710.99 "," 105,847,377.99 "," 111,157,932.73 "," 70,469,324.54 "," 86,469,993.18 "," 103,356,973.87 "," 90,248,853.93 "," 195,210,328.94 "," 302,105,245.67 "
1217,MINISTERE DE LA DEFENSE NATIONALE,1217111,BUREAU DU MINISTRE," 143,589,763.93 "," 5,836,700.00 "," 6,951,935.20 "," 10,346,504.60 "," 12,690,320.12 "," 18,457,124.00 "," 11,551,395.86 "," 7,805,541.51 "," 9,469,506.53 "," 12,760,094.85 "," 12,417,060.78 "," 26,739,951.35 "," 8,563,153.02 "
1217,MINISTERE DE LA DEFENSE NATIONALE,1217112,DIRECTION GENERALE," 259,965,734.50 "," 6,118,236.65 "," 19,266,797.30 "," 13,542,073.84 "," 26,056,366.25 "," 30,935,196.99 "," 17,733,936.54 "," 16,617,477.49 "," 16,790,560.32 "," 23,414,599.09 "," 36,821,125.23 "," 32,029,238.86 "," 20,639,871.20 "
1217 Total,,,," 403,555,498.43 "," 11,954,936.65 ",," 23,888,578.44 "," 38,746,686.37 "," 49,392,320.99 "," 29,285,332.40 "," 24,423,019.00 "," 26,260,066.85 "," 36,174,693.94 "," 49,238,186.01 "," 58,769,190.21 "," 29,203,024.22 "
1311,MINISTERE DE L'EDUCATION NATIONALE ET DE L A FORM. PROFESS.,1311111,BUREAU DU MINISTRE," 251,210,317.98 "," 9,316,653.30 "," 38,429,487.65 "," 19,493,700.85 "," 35,418,373.04 "," 37,967,332.93 "," 44,155,081.71 "," 10,781,794.42 "," 3,967,133.26 "," 3,434,016.50 "," 6,095,448.33 "," 4,702,147.90 "," 16,777,620.00 "
1311,MINISTERE DE L'EDUCATION NATIONALE ET DE L A FORM. PROFESS.,1311112,DIRECTION GENERALE DES SERVICES INTERNES," 10,519,784,788.63 "," 605,547,470.45 "," 757,455,345.12 "," 1,294,574,640.78 "," 784,179,186.40 "," 224,945,161.55 "," 1,278,303,984.31 "," 627,059,487.04 "," 942,544,416.78 "," 810,161,457.20 "," 861,952,831.06 "," 819,728,427.24 "," 1,422,842,795.84 "
1311,MINISTERE DE L'EDUCATION NATIONALE ET DE L A FORM. PROFESS.,1311115,COMMISSION NATIONALE DE COOPERATION AVEC L'UNESCO," 18,818,748.00 "," 791,600.00 "," 1,494,513.81 "," 3,394,701.82 "," 363,284.00 "," 936,279.11 "," 1,756,700.00 "," 1,421,588.32 "," 1,082,962.66 "," 1,002,300.00 "," 1,133,366.66 "," 1,467,923.21 "," 3,824,086.66 "
1311,MINISTERE DE L'EDUCATION NATIONALE ET DE L A FORM. PROFESS.,1311117,INSTITUT NATIONAL DE FORMATION PROFESSIONNELLE," 315,889,928.91 "," 19,357,729.90 "," 21,519,815.48 "," 52,372,979.93 "," 18,621,136.67 "," 5,097,930.41 "," 34,561,453.85 "," 19,014,005.04 "," 17,519,338.31 "," 16,298,074.02 "," 16,704,547.50 "," 11,777,530.64 "," 77,887,967.27 "
1311,MINISTERE DE L'EDUCATION NATIONALE ET DE L A FORM. PROFESS.,1311118,OFFICE NATIONAL DE PARTENARIAT," 65,009,620.00 "," 46,000.00 "," 3,917,216.30 "," 14,216,218.76 "," 4,124,673.57 "," 4,792,297.39 "," 10,149,279.94 "," 4,171,013.50 "," 7,317,566.75 "," 3,477,146.25 "," 4,091,319.15 "," 4,998,204.63 "," 3,677,024.63 "
1311 Total,,,," 11,170,713,403.52 "," 635,059,453.65 ",," 1,384,052,242.14 "," 842,706,653.68 "," 273,739,001.39 "," 1,368,926,499.81 "," 662,447,888.32 "," 972,431,417.76 "," 834,372,993.97 "," 889,977,512.70 "," 842,674,233.62 "," 1,525,009,494.40 "
1312,MINISTERE DES AFFAIRES SOCIALES,1312111,BUREAU DU MINISTRE," 108,730,332.42 "," 6,609,540.00 "," 11,109,372.67 "," 16,348,624.44 "," 7,564,206.00 "," 15,180,080.00 "," 8,909,704.00 "," 7,296,290.67 "," 6,271,704.00 "," 6,443,370.67 "," 7,166,290.00 "," 14,750,890.00 "," 1,080,006.00 "
1312,MINISTERE DES AFFAIRES SOCIALES,1312112,DIRECTION GENERALE DES SERVICES INTERNES," 682,411,561.92 "," 61,225,891.46 "," 172,396,535.07 "," 86,325,884.36 "," 38,715,726.37 "," 36,814,452.95 "," 40,719,784.03 "," 29,493,455.59 "," 29,958,207.57 "," 28,228,879.68 "," 91,300,227.47 "," 35,447,474.92 "," 31,807,059.44 "
1312,MINISTERE DES AFFAIRES SOCIALES,1312113,INSTITUT DU BIEN-ETRE SOCIAL ET DE RECHERCHES," 55,861,915.00 "," 3,067,051.56 "," 5,087,528.06 "," 11,619,937.80 "," 3,775,819.99 "," 3,505,652.08 "," 3,503,363.27 "," 6,081,803.60 "," 3,218,419.99 "," 3,553,019.99 "," 3,739,319.99 "," 4,860,019.99 "," 3,849,919.99 "
1312,MINISTERE DES AFFAIRES SOCIALES,1312114,ENTREPRISE PUBLIQUE DE PROMOTION DE LOGEMENTS SOCIAUX," 53,303,745.10 "," 2,632,432.77 "," 2,426,633.33 "," 7,257,196.89 "," 2,779,282.64 "," 2,415,713.44 "," 3,033,488.29 "," 6,545,057.50 "," 4,359,630.79 "," 5,357,111.31 "," 3,875,412.43 "," 3,681,424.29 "," 8,728,132.89 "
1312,MINISTERE DES AFFAIRES SOCIALES,1312115,OFFICE NATIONAL DE LA MIGRATION," 66,489,023.40 "," 4,300,537.95 "," 10,406,896.75 "," 10,914,678.41 "," 3,932,859.60 "," 6,441,878.07 "," 3,890,690.94 "," 3,904,028.91 "," 5,507,068.45 "," 2,609,980.09 "," 5,816,137.23 "," 4,930,111.55 "," 3,777,762.49 "
1312,MINISTERE DES AFFAIRES SOCIALES,1312117,BUREAU DU SECRETAIRE D'ETAT AUX HANDICAPES," 40,039,709.00 "," 1,028,320.00 "," 2,118,320.00 "," 5,887,064.32 "," 2,295,420.72 "," 3,365,509.82 "," 3,605,763.57 "," 2,174,170.01 "," 2,521,008.10 "," 5,740,967.78 "," 3,817,221.80 "," 1,906,720.00 "," 5,402,047.38 "
1312 Total,,,," 1,006,836,286.84 "," 78,863,773.74 ",," 138,353,386.22 "," 59,063,315.32 "," 67,723,286.36 "," 63,662,794.10 "," 55,494,806.28 "," 51,836,038.90 "," 51,933,329.52 "," 115,714,608.92 "," 65,576,640.75 "," 54,644,928.19 "
1313,MINISTERE DE LA SANTE PUBLIQUE ET DE LA POPULATION,1313111,BUREAU DU MINISTRE," 56,363,147.02 "," 742,710.00 "," 3,727,876.00 "," 5,643,685.21 "," 1,129,447.44 "," 5,304,783.00 "," 3,977,003.00 "," 68,500.00 "," 1,722,186.00 "," 872,093.00 "," 3,027,916.33 "," 2,368,910.00 "," 27,613,328.50 "
1313,MINISTERE DE LA SANTE PUBLIQUE ET DE LA POPULATION,1313112,DIRECTION GENERALE DES SERVICES INTERNES," 4,029,411,793.46 "," 194,925,468.00 "," 216,238,787.19 "," 491,405,879.76 "," 251,920,462.56 "," 91,424,909.82 "," 567,441,408.96 "," 10,632,687.31 "," 395,970,382.95 "," 294,994,357.36 "," 159,136,716.04 "," 493,165,206.07 "," 718,293,737.89 "
1313,MINISTERE DE LA SANTE PUBLIQUE ET DE LA POPULATION,1313114,SUBVENTION AUX ORGANISMES PRIVES ET PUBLICS," 1,099,991.98 ", -   , -   , -   , -   , -   , -   , -   , -   , -   , -   , -   ," 1,099,991.00 "
1313 Total,,,," 4,086,874,932.46 "," 195,668,178.00 ",," 497,049,564.97 "," 253,049,910.00 "," 96,729,692.82 "," 571,418,411.96 "," 10,701,187.31 "," 397,692,568.95 "," 295,866,450.36 "," 162,164,632.37 "," 495,534,116.07 "," 747,007,057.39 "
1314,MINISTERE A LA CONDITION FEMININE,1314111,BUREAU DU MINISTRE," 37,503,002.08 "," 1,861,420.00 "," 1,964,266.66 "," 4,566,166.69 "," 4,589,533.33 "," 1,921,533.33 "," 5,067,867.33 "," 1,908,320.00 "," 2,159,907.50 "," 2,673,525.00 "," 1,858,533.33 "," 4,973,333.33 "," 3,913,315.33 "
1314,MINISTERE A LA CONDITION FEMININE,1314112,DIRECTION GENERALE DES SERVICES INTERNES," 110,998,211.80 "," 7,457,672.19 "," 9,112,731.66 "," 15,005,444.47 "," 9,332,941.69 "," 9,179,324.20 "," 9,998,222.87 "," 8,154,530.83 "," 8,207,259.19 "," 7,936,744.07 "," 7,454,793.33 "," 9,438,254.67 "," 9,713,390.47 "
1314 Total,,,," 148,501,213.88 "," 9,319,092.19 ",," 19,571,611.16 "," 13,922,475.02 "," 11,100,857.53 "," 15,066,090.20 "," 10,062,850.83 "," 10,367,166.69 "," 10,610,269.07 "," 9,313,326.66 "," 14,411,588.00 "," 13,626,705.80 "
1315,MINISTERE DE LA JEUNESSE DES SPORTS ET DE L'ACTION CIVIQUE,1315111,BUREAU DU MINISTRE," 163,157,405.78 "," 13,169,983.33 "," 13,569,790.00 "," 27,580,884.89 "," 17,436,462.50 "," 5,259,084.07 "," 2,817,534.45 "," 2,348,385.21 "," 1,922,861.11 "," 1,928,836.11 "," 33,353,463.33 "," 21,629,218.33 "," 22,121,144.82 "
1315,MINISTERE DE LA JEUNESSE DES SPORTS ET DE L'ACTION CIVIQUE,1315112,DIRECTION GENERALE DES SERVICES INTERNES," 415,063,459.12 "," 7,725,208.10 "," 19,320,549.57 "," 40,035,982.27 "," 17,624,819.11 "," 24,623,938.08 "," 98,299,155.17 "," 51,292,008.31 "," 38,092,724.38 "," 25,003,096.04 "," 12,048,716.55 "," 37,742,402.49 "," 43,236,181.73 "
1315 Total,,,," 578,220,864.90 "," 20,895,191.43 ",," 67,616,867.16 "," 35,061,281.61 "," 29,883,022.15 "," 101,116,689.62 "," 53,640,393.52 "," 40,015,585.49 "," 26,931,932.15 "," 45,402,179.88 "," 59,371,620.82 "," 65,357,326.55 "
1411,MINISTERE DES CULTES,1411112,DIRECTION GENERALE DES SERVICES INTERNES," 180,151,927.63 "," 5,064,400.00 "," 8,040,903.36 "," 16,892,834.02 "," 7,787,624.04 "," 12,564,612.12 "," 13,728,709.39 "," 8,426,430.29 "," 6,181,329.52 "," 33,842,924.53 "," 8,196,106.47 "," 10,004,000.37 "," 48,630,611.02 "
1411 Total,,,," 180,151,927.63 "," 5,064,400.00 ",," 16,892,834.02 "," 7,787,624.04 "," 12,564,612.12 "," 13,728,709.39 "," 8,426,430.29 "," 6,181,329.52 "," 33,842,924.53 "," 8,196,106.47 "," 10,004,000.37 "," 48,630,611.02 "
1412,MINISTERE DE LA CULTURE,1412111,BUREAU DU MINISTRE," 157,716,207.33 "," 36,222,531.42 "," 21,086,099.74 "," 29,090,472.01 "," 15,235,002.34 "," 8,162,916.39 "," 10,700,618.50 "," 4,438,670.26 "," 8,509,079.94 "," 4,020,007.52 "," 9,749,585.00 "," 5,555,285.00 "," 4,945,085.00 "
1412,MINISTERE DE LA CULTURE,1412112,DIRECTION GENERALE DES SERVICES INTERNES," 227,965,327.59 "," 13,968,570.03 "," 75,276,811.41 "," 13,112,406.22 "," 8,491,650.79 "," 52,536,030.64 "," 14,601,740.58 "," 11,282,802.91 "," 8,647,579.25 "," 11,362,933.85 "," 10,810,455.75 "," 2,916,629.99 "," 4,824,129.99 "
1412,MINISTERE DE LA CULTURE,1412113,ECOLE NATIONALE DES ARTS," 51,564,672.30 "," 1,996,637.16 "," 7,190,190.44 "," 6,028,248.80 "," 3,684,010.18 "," 1,391,296.45 "," 8,019,280.89 "," 4,469,947.16 "," 3,736,909.18 "," 3,124,854.66 "," 3,127,620.01 "," 3,214,666.44 "," 5,351,496.97 "
1412,MINISTERE DE LA CULTURE,1412114,INSTITUT DE SAUVEGARDE DU PATRIMOINE NATIONAL," 68,330,913.26 "," 3,069,328.32 "," 4,808,339.12 "," 7,860,836.15 "," 7,789,026.52 "," 3,763,039.45 "," 7,568,452.27 "," 6,671,991.08 "," 6,085,037.06 "," 4,912,081.51 "," 7,385,891.60 "," 5,171,546.65 "," 3,241,572.26 "
1412,MINISTERE DE LA CULTURE,1412115,THEATRE NATIONAL," 50,445,466.40 "," 2,444,010.00 "," 3,494,713.32 "," 5,430,409.14 "," 4,216,117.66 "," 1,662,866.66 "," 6,913,076.66 "," 3,630,071.66 "," 4,127,116.02 "," 4,374,719.66 "," 3,453,296.66 "," 4,074,825.65 "," 6,586,327.82 "
1412,MINISTERE DE LA CULTURE,1412116,MUSEE DU PANTHEON NATIONAL," 43,951,324.54 "," 2,133,289.41 "," 2,502,648.16 "," 4,025,070.34 "," 3,140,539.14 "," 3,588,209.57 "," 4,660,643.72 "," 3,911,744.81 "," 2,919,639.89 "," 4,128,822.01 "," 3,092,479.26 "," 6,308,457.34 "," 3,345,713.80 "
1412,MINISTERE DE LA CULTURE,1412117,BUREAU NATIONAL D'ETHONOLOGIE," 27,078,789.00 "," 2,301,535.33 "," 3,922,511.52 "," 3,489,588.75 "," 1,074,302.00 "," 2,317,265.32 "," 3,720,179.85 "," 1,378,996.73 "," 1,950,806.01 "," 389,196.61 "," 1,842,442.41 "," 2,744,043.61 "," 1,812,448.08 "
1412,MINISTERE DE LA CULTURE,1412118,BIBLIOTHEQUE NATIONALE D'HAITI," 52,858,552.20 "," 3,743,850.58 "," 5,626,658.09 "," 6,570,994.36 "," 4,536,451.38 "," 1,021,997.99 "," 7,307,720.22 "," 2,917,230.06 "," 4,302,486.23 "," 3,534,867.76 "," 3,224,767.65 "," 4,305,131.52 "," 5,602,402.24 "
1412,MINISTERE DE LA CULTURE,1412119,ARCHIVES NATIONALES," 144,784,603.00 "," 8,930,317.80 "," 8,261,699.98 "," 16,217,138.31 "," 8,450,331.11 "," 963,299.98 "," 15,765,859.98 "," 7,900,133.33 "," 8,886,368.03 "," 18,633,799.98 "," 7,319,700.00 "," 9,130,864.96 "," 33,503,191.87 "
1412,MINISTERE DE LA CULTURE,1412123,ACTIVITES CULTURELLES," 238,262,987.90 "," 51,287,754.15 "," 14,500,000.00 "," 52,200,000.00 "," 25,777,835.00 "," 89,000,000.00 "," 1,000,000.00 "," 4,300,000.00 ", -   , -   , -   , -   , -   
1412,MINISTERE DE LA CULTURE,1412124,DIRECTION NATIONALE DU LIVRE," 55,463,845.68 "," 3,960,114.59 "," 6,317,313.93 "," 6,999,580.95 "," 8,553,863.56 "," 1,610,547.33 "," 4,730,661.23 "," 3,062,488.04 "," 7,334,746.82 "," 2,751,730.33 "," 2,716,551.06 "," 4,512,872.31 "," 2,904,444.80 "
1412,MINISTERE DE LA CULTURE,1412125,BUREAU HAITIEN DU DROIT D'AUTEUR," 45,034,580.08 "," 2,839,037.87 "," 5,934,445.61 "," 8,032,573.90 "," 3,449,629.73 "," 2,453,591.59 "," 4,173,544.55 "," 2,649,954.23 "," 3,271,066.46 "," 1,688,979.30 "," 3,059,476.16 "," 2,341,116.83 "," 5,132,520.44 "
1412 Total,,,," 1,163,457,269.28 "," 132,896,976.66 ",," 159,057,318.93 "," 94,398,759.41 "," 168,471,061.37 "," 89,161,778.45 "," 56,614,030.27 "," 59,770,834.89 "," 58,921,993.19 "," 55,782,265.56 "," 50,275,440.30 "," 77,249,333.27 "
1413,MINISTERE DE LA COMMUNICATION,1413111,BUREAU DU MINISTRE," 23,647,182.71 "," 2,039,195.00 "," 2,626,733.55 "," 812,695.00 "," 1,497,195.00 "," 1,430,591.00 "," 2,349,195.00 "," 2,116,390.00 "," 1,032,796.01 "," 778,034.10 "," 1,720,882.00 "," 5,719,418.55 "," 1,523,983.76 "
1413,MINISTERE DE LA COMMUNICATION,1413112,DIRECTION GENERALE," 81,206,703.11 "," 6,374,069.41 "," 5,913,009.75 "," 9,476,926.97 "," 7,269,037.78 "," 3,895,748.58 "," 14,742,094.80 "," 3,009,809.98 "," 4,621,338.29 "," 5,456,928.22 "," 573,332.28 "," 9,542,924.10 "," 10,328,185.69 "
1413,MINISTERE DE LA COMMUNICATION,1413113,TELEVISION NATIONALE D'HAITI," 133,828,435.80 "," 4,755,133.32 "," 16,269,470.39 "," 17,389,392.07 "," 12,570,335.08 "," 3,103,583.32 "," 17,506,972.48 "," 12,680,475.68 "," 12,649,091.62 "," 7,134,150.00 "," 8,819,433.31 "," 10,012,332.28 "," 10,812,471.31 "
1413,MINISTERE DE LA COMMUNICATION,1413114,RADIO NATIONALE D'HAITI," 68,198,916.63 "," 6,414,271.66 "," 5,376,036.60 "," 7,428,069.64 "," 5,754,649.51 "," 2,346,055.54 "," 9,521,755.16 "," 5,511,354.27 "," 5,876,196.40 "," 3,321,818.41 "," 6,692,200.80 "," 5,301,478.67 "," 4,652,701.97 "
1413 Total,,,," 306,881,238.25 "," 19,582,669.39 ",," 35,107,083.68 "," 27,091,217.37 "," 10,775,978.44 "," 44,120,017.44 "," 23,318,029.93 "," 24,179,422.32 "," 16,690,930.73 "," 17,805,848.39 "," 30,576,153.60 "," 27,317,342.73 "
1511,INTERVENTIONS PUBLIQUES,1511111,SUBVENTION AUX FONDS DE PENSION," 1,323,889,104.00 "," 1,088,251.00 "," 263,457,662.01 "," 132,231,325.88 "," 1,079,733.00 "," 24,343,171.27 "," 241,057,233.00 "," 143,553,421.62 "," 121,057,233.00 "," 143,332,243.28 "," 121,052,233.00 "," 23,689,853.38 "," 11,808,145.42 "
1511,INTERVENTIONS PUBLIQUES,1511113,AUTRES INSTITUTIONS," 354,499,992.00 ", -   , -   ," 8,050,512.27 "," 10,435,248.57 "," 22,561,756.87 "," 5,493,753.32 "," 5,248,865.31 "," 40,048,172.67 ", -   ," 20,362,228.36 "," 1,537,244.74 "," 4,500,000.00 "
1511,INTERVENTIONS PUBLIQUES,1511149,AUTRES INTERVENTIONS PUBLIQUES," 9,469,352,204.00 "," 560,585,299.17 "," 1,608,617,578.14 "," 372,521,588.40 "," 1,328,813,158.68 "," 976,485,740.48 "," 294,025,679.29 "," 223,492,475.68 "," 179,980,399.29 "," 339,612,872.26 "," 412,802,833.73 "," 568,935,172.05 "," 1,462,136,073.14 "
1511 Total,,,," 11,147,741,300.00 "," 561,673,550.17 ",," 512,803,426.55 "," 1,340,328,140.25 "," 1,023,390,668.62 "," 540,576,665.61 "," 372,294,762.61 "," 341,085,804.96 "," 482,945,115.54 "," 554,217,295.09 "," 594,162,270.17 "," 1,478,444,218.56 "
1512,DETTE PUBLIQUE,1512111,INSTITUTIONS FINANCIERES CREATRICES DE MONNAIE, -   , -   , -   , -   , -   , -   , -   , -   , -   , -   , -   , -   , -   
1512,DETTE PUBLIQUE,1512112,AUTRES INSTITUTIONS FINANCIERES," 2,031,835,225.24 ", -   ," 2,319,804.80 ", -   ," 454,448,283.91 "," 17,573,283.90 ", -   ," 8,786,641.95 "," 496,499,612.67 "," 8,786,641.95 "," 336,158,077.39 "," 46,838,845.55 "," 660,424,026.11 "
1512,DETTE PUBLIQUE,1512113,AUTRES CREANCIERS INTERNES," 2,375,173,856.10 "," 1,522,500.00 "," 21,894,794.05 "," 72,384,675.92 "," 529,129,309.51 "," 74,388,855.00 "," 117,532,975.99 "," 296,006,827.78 "," 284,558,531.60 "," 183,319,923.76 "," 196,122,215.35 "," 291,081,977.64 "," 227,773,710.95 "
1512,DETTE PUBLIQUE,1512211,DETTE MULTILATERALE," 161,538,215.60 ", -   , -   , -   , -   ," 12,235,604.37 "," 79,501,250.30 ", -   , -   , -   , -   ," 11,634,862.98 "," 58,166,494.47 "
1512,DETTE PUBLIQUE,1512212,DETTE BILATERALE," 5,783,301,595.96 ", -   ," 2,899,860.22 "," 778,344,373.20 "," 951,137,396.94 "," 428,664,924.23 "," 58,732,286.49 "," 1,049,267,820.66 "," 624,763,659.20 "," 503,415,622.96 "," 384,824,400.55 "," 947,160,316.02 "," 54,090,933.07 "
1512 Total,,,," 10,351,848,892.90 "," 1,522,500.00 ",," 850,729,049.12 "," 1,934,714,990.36 "," 532,862,667.50 "," 255,766,512.78 "," 1,354,061,290.39 "," 1,405,821,803.47 "," 695,522,188.67 "," 917,104,693.29 "," 1,296,716,002.19 "," 1,000,455,164.60 "
2211,SENAT DE LA REPUBLIQUE,2211111,SENAT DE LA REPUBLIQUE," 1,474,428,023.10 "," 38,524,079.50 "," 64,895,038.94 "," 135,594,170.00 "," 142,713,511.25 "," 36,765,799.58 "," 109,011,539.00 "," 130,698,435.57 "," 127,373,661.04 "," 110,978,845.92 "," 181,323,971.71 "," 128,393,350.54 "," 265,653,687.74 "
2211 Total,,,," 1,474,428,023.10 "," 38,524,079.50 ",," 135,594,170.00 "," 142,713,511.25 "," 36,765,799.58 "," 109,011,539.00 "," 130,698,435.57 "," 127,373,661.04 "," 110,978,845.92 "," 181,323,971.71 "," 128,393,350.54 "," 265,653,687.74 "
2212,CHAMBRE DES DEPUTES,2212111,CHAMBRE DES DEPUTES," 878,363,117.04 "," 90,663,194.00 "," 20,113,194.00 "," 51,203,679.80 "," 65,838,431.05 "," 55,575,853.44 "," 28,606,383.06 "," 75,327,631.07 "," 30,899,789.75 "," 70,880,817.92 "," 118,170,997.34 "," 86,917,719.00 "," 183,924,738.45 "
2212,CHAMBRE DES DEPUTES,2212112,QUESTURE DE LA CHAMBRE DES DEPUTES," 164,625,545.00 ", -   ," 5,120,000.00 "," 15,567,867.19 "," 6,186,780.00 "," 28,880,970.00 "," 32,170,024.60 "," 21,318,200.00 "," 185,000.00 "," 3,416,180.00 "," 11,746,069.98 "," 10,531,430.00 "," 29,503,003.33 "
2212,CHAMBRE DES DEPUTES,2212211,CHAMBRE DES DEPUTES," 1,379,657,882.36 "," 45,357,754.22 "," 59,596,867.06 "," 139,919,287.67 "," 39,149,155.70 "," 111,213,113.24 "," 84,263,096.24 "," 139,877,165.70 "," 104,758,217.93 "," 137,957,494.03 "," 141,416,410.32 "," 115,242,367.61 "," 260,635,775.39 "
2212 Total,,,," 2,422,646,544.40 "," 136,020,948.22 ",," 206,690,834.66 "," 111,174,366.75 "," 195,669,936.68 "," 145,039,503.90 "," 236,522,996.77 "," 135,843,007.68 "," 212,254,491.95 "," 271,333,477.64 "," 212,691,516.61 "," 474,063,517.17 "
3211,CONSEIL SUPERIEUR DU POUVOIR JUDICIAIRE,3211111,ADMINISTRATION GENERALE," 191,006,729.41 "," 3,936,477.60 "," 16,078,729.57 "," 28,017,234.12 "," 10,490,408.64 "," 30,882,240.35 "," 10,974,267.96 "," 26,498,148.74 "," 9,458,064.87 "," 12,462,220.29 "," 21,695,013.38 "," 14,069,602.05 "," 6,430,571.52 "
3211,CONSEIL SUPERIEUR DU POUVOIR JUDICIAIRE,3211212,COUR DE CASSATION," 120,300,184.57 "," 6,587,351.66 "," 8,735,765.12 "," 15,693,384.08 "," 1,164,080.00 "," 16,318,609.75 "," 7,872,554.89 "," 9,989,803.76 "," 7,979,127.03 "," 4,456,424.33 "," 19,970,588.64 "," 11,823,754.62 "," 8,504,969.93 "
3211,CONSEIL SUPERIEUR DU POUVOIR JUDICIAIRE,3211213,COUR D'APPEL," 73,571,390.48 "," 3,496,280.00 "," 4,199,010.00 "," 8,677,344.33 "," 3,735,480.26 "," 10,572,822.87 "," 4,210,142.50 "," 5,286,995.00 "," 5,489,160.00 "," 4,489,715.00 "," 10,339,700.25 "," 7,555,953.75 "," 5,517,030.00 "
3211,CONSEIL SUPERIEUR DU POUVOIR JUDICIAIRE,3211214,TRIBUNAUX," 662,769,612.34 "," 43,203,070.00 "," 56,489,124.29 "," 90,848,552.80 "," 42,128,120.08 "," 57,496,216.03 "," 54,313,059.76 "," 62,312,275.93 "," 47,630,171.99 "," 51,403,232.44 "," 60,954,473.97 "," 53,470,137.41 "," 42,518,133.56 "
3211 Total,,,," 1,047,647,916.80 "," 57,223,179.26 ",," 143,236,515.33 "," 57,518,088.98 "," 115,269,889.00 "," 77,370,025.11 "," 104,087,223.43 "," 70,556,523.89 "," 72,811,592.06 "," 112,959,776.24 "," 86,919,447.83 "," 62,970,705.01 "
4111,COUR SUPERIEURE DES COMPTES ET DU CONTENTIEUX ADMINISTRATIF,4111111,CONSEIL DE LA COUR," 647,027,562.33 "," 37,814,091.64 "," 67,059,562.17 "," 63,345,497.65 "," 48,084,684.01 "," 62,936,621.25 "," 50,865,904.79 "," 49,029,290.85 "," 44,431,137.65 "," 51,144,946.75 "," 51,961,638.84 "," 68,786,724.37 "," 51,567,243.21 "
4111 Total,,,," 647,027,562.33 "," 37,814,091.64 ",," 63,345,497.65 "," 48,084,684.01 "," 62,936,621.25 "," 50,865,904.79 "," 49,029,290.85 "," 44,431,137.65 "," 51,144,946.75 "," 51,961,638.84 "," 68,786,724.37 "," 51,567,243.21 "
4211,CONSEIL ELECTORAL,4211111,CONSEIL ELECTORAL," 382,807,606.30 "," 2,342,510.00 "," 9,716,376.67 "," 91,135,427.09 "," 8,620,622.82 "," 11,873,998.24 "," 12,713,416.49 "," 51,787,829.00 "," 35,706,326.60 "," 63,238,479.46 "," 34,653,980.61 "," 34,570,076.67 "," 26,448,516.71 "
4211 Total,,,," 382,807,606.30 "," 2,342,510.00 ",," 91,135,427.09 "," 8,620,622.82 "," 11,873,998.24 "," 12,713,416.49 "," 51,787,829.00 "," 35,706,326.60 "," 63,238,479.46 "," 34,653,980.61 "," 34,570,076.67 "," 26,448,516.71 "
4212,OFFICE DE PROTECTION DU CITOYEN,4212112,OFFICE DE PROTECTION DU CITOYEN," 48,450,200.80 "," 2,565,764.37 "," 3,297,671.53 "," 4,337,298.33 "," 7,710,488.67 "," 3,366,720.44 "," 2,947,733.31 "," 2,151,658.93 "," 2,185,238.74 "," 4,134,111.03 "," 3,188,280.20 "," 6,177,644.14 "," 6,385,231.05 "
4212 Total,,,," 48,450,200.80 "," 2,565,764.37 ",," 4,337,298.33 "," 7,710,488.67 "," 3,366,720.44 "," 2,947,733.31 "," 2,151,658.93 "," 2,185,238.74 "," 4,134,111.03 "," 3,188,280.20 "," 6,177,644.14 "," 6,385,231.05 "
4311,UNIVERSITE D'ETAT D'HAITI,4311111,RECTORAT DE L'UNIVERSITE D'ETAT D'HAITI," 1,142,999,892.03 "," 81,866,356.60 "," 61,119,812.02 "," 126,586,804.96 "," 60,897,889.21 "," 27,839,625.73 "," 170,009,791.87 "," 72,302,391.55 "," 79,974,809.61 "," 77,392,593.86 "," 112,618,609.02 "," 81,477,733.20 "," 182,799,477.69 "
4311 Total,,,," 1,142,999,892.03 "," 81,866,356.60 ",," 126,586,804.96 "," 60,897,889.21 "," 27,839,625.73 "," 170,009,791.87 "," 72,302,391.55 "," 79,974,809.61 "," 77,392,593.86 "," 112,618,609.02 "," 81,477,733.20 "," 182,799,477.69 "
4411,ACADEMIE DU CREOLE HAITIEN,4411111,SECRETARIAT DE L'ACADEMIE DU CREOLE HAITIEN," 25,031,160.01 "," 797,400.00 "," 5,449,378.68 "," 2,459,823.50 "," (1,737,023.20)"," 909,625.00 "," 1,057,285.16 "," 1,446,730.00 "," 7,255,042.08 "," 1,073,560.00 "," 1,603,247.57 "," 2,753,702.77 "," 1,962,284.33 "
4411 Total,,,," 25,031,160.01 "," 797,400.00 ",," 2,459,823.50 "," (1,737,023.20)"," 909,625.00 "," 1,057,285.16 "," 1,446,730.00 "," 7,255,042.08 "," 1,073,560.00 "," 1,603,247.57 "," 2,753,702.77 "," 1,962,284.33 "
Grand Total,,,," 75,929,980,045.68 "," 3,803,330,826.85 ",," 8,340,748,163.44 "," 7,051,432,908.68 "," 4,681,555,270.88 "," 5,985,967,568.30 "," 5,392,628,169.65 "," 5,772,515,926.07 "," 4,898,594,850.87 "," 6,551,730,433.77 "," 6,275,766,788.01 "," 9,196,998,179.81 "
